session_id,timestamp
S00002,2025-09-03 01:17:00
S00004,2025-09-05 08:09:00
S00005,2025-09-03 14:39:00
S00011,2025-09-02 18:47:00
S00012,2025-09-06 14:35:00
S00014,2025-09-06 02:57:00
S00015,2025-09-01 13:50:00
S00017,2025-09-01 19:38:00
S00022,2025-09-06 08:06:00
S00026,2025-09-05 00:09:00
S00027,2025-09-06 03:00:00
S00036,2025-09-05 16:26:00
S00038,2025-09-01 10:37:00
S00039,2025-09-03 11:47:00
S00043,2025-09-06 19:27:00
S00045,2025-09-03 16:02:00
S00046,2025-09-01 11:42:00
S00049,2025-09-03 22:33:00
S00051,2025-09-01 19:09:00
S00052,2025-09-02 07:18:00
S00055,2025-09-01 05:09:00
S00065,2025-09-07 18:36:00
S00075,2025-09-04 09:48:00
S00079,2025-09-07 07:26:00
S00080,2025-09-05 10:52:00
S00083,2025-09-06 10:35:00
S00084,2025-09-02 08:33:00
S00086,2025-09-03 02:46:00
S00087,2025-09-05 18:00:00
S00090,2025-09-02 16:15:00
S00091,2025-09-05 02:44:00
S00095,2025-09-01 13:35:00
S00096,2025-09-05 23:33:00
S00098,2025-09-05 20:29:00
S00099,2025-09-07 18:51:00
S00104,2025-09-07 12:35:00
S00113,2025-09-06 03:53:00
S00114,2025-09-04 08:26:00
S00116,2025-09-06 07:21:00
S00122,2025-09-04 12:16:00
S00123,2025-09-01 14:17:00
S00136,2025-09-02 01:58:00
S00137,2025-09-02 02:47:00
S00138,2025-09-02 09:36:00
S00140,2025-09-06 01:14:00
S00152,2025-09-04 02:33:00
S00153,2025-09-06 01:59:00
S00154,2025-09-06 22:00:00
S00163,2025-09-04 18:15:00
S00165,2025-09-07 13:34:00
S00166,2025-09-03 06:51:00
S00168,2025-09-07 05:58:00
S00169,2025-09-02 20:26:00
S00178,2025-09-05 23:00:00
S00179,2025-09-05 18:55:00
S00183,2025-09-06 14:38:00
S00184,2025-09-06 06:41:00
S00189,2025-09-01 14:28:00
S00190,2025-09-04 09:02:00
S00194,2025-09-02 05:04:00
S00201,2025-09-07 01:13:00
S00203,2025-09-07 17:57:00
S00204,2025-09-02 01:13:00
S00205,2025-09-04 05:34:00
S00210,2025-09-02 02:52:00
S00217,2025-09-01 13:44:00
S00220,2025-09-04 16:19:00
S00223,2025-09-06 00:02:00
S00225,2025-09-03 08:00:00
S00227,2025-09-01 05:28:00
S00232,2025-09-03 23:56:00
S00236,2025-09-07 17:35:00
S00237,2025-09-05 00:43:00
S00238,2025-09-06 19:39:00
S00239,2025-09-07 11:01:00
S00240,2025-09-07 01:22:00
S00241,2025-09-07 08:34:00
S00244,2025-09-05 22:09:00
S00249,2025-09-04 14:53:00
S00250,2025-09-06 05:08:00
S00253,2025-09-02 21:08:00
S00259,2025-09-05 13:13:00
S00261,2025-09-03 14:50:00
S00263,2025-09-07 07:28:00
S00264,2025-09-05 02:09:00
S00266,2025-09-07 03:55:00
S00268,2025-09-01 23:05:00
S00277,2025-09-02 13:13:00
S00280,2025-09-03 00:02:00
S00281,2025-09-06 15:40:00
S00288,2025-09-04 13:09:00
S00289,2025-09-06 23:19:00
S00291,2025-09-01 11:19:00
S00295,2025-09-01 03:56:00
S00297,2025-09-05 17:24:00
S00300,2025-09-02 16:23:00
S00301,2025-09-01 17:12:00
S00305,2025-09-03 01:00:00
S00309,2025-09-03 04:12:00
S00314,2025-09-04 10:22:00
S00316,2025-09-01 10:33:00
S00319,2025-09-03 20:23:00
S00321,2025-09-03 09:26:00
S00323,2025-09-06 14:57:00
S00330,2025-09-07 14:12:00
S00331,2025-09-01 18:58:00
S00332,2025-09-05 05:56:00
S00334,2025-09-03 14:39:00
S00343,2025-09-04 12:55:00
S00345,2025-09-01 22:25:00
S00347,2025-09-05 03:22:00
S00352,2025-09-05 13:56:00
S00355,2025-09-05 04:55:00
S00357,2025-09-01 04:39:00
S00359,2025-09-05 11:19:00
S00361,2025-09-05 17:47:00
S00362,2025-09-01 20:17:00
S00366,2025-09-07 05:26:00
S00369,2025-09-04 04:29:00
S00370,2025-09-06 15:42:00
S00373,2025-09-06 11:37:00
S00374,2025-09-05 23:21:00
S00379,2025-09-01 17:39:00
S00381,2025-09-05 05:41:00
S00382,2025-09-02 17:13:00
S00383,2025-09-06 14:56:00
S00388,2025-09-01 09:54:00
S00391,2025-09-04 09:29:00
S00392,2025-09-01 23:19:00
S00395,2025-09-05 16:43:00
S00396,2025-09-04 14:30:00
S00401,2025-09-03 13:18:00
S00403,2025-09-01 05:36:00
S00405,2025-09-01 15:09:00
S00407,2025-09-06 15:53:00
S00410,2025-09-01 16:13:00
S00411,2025-09-01 23:28:00
S00416,2025-09-01 23:40:00
S00419,2025-09-06 05:01:00
S00420,2025-09-03 20:18:00
S00424,2025-09-02 06:42:00
S00425,2025-09-07 07:03:00
S00427,2025-09-04 19:50:00
S00428,2025-09-07 10:27:00
S00432,2025-09-01 00:45:00
S00438,2025-09-02 09:49:00
S00441,2025-09-02 20:56:00
S00446,2025-09-02 21:45:00
S00447,2025-09-04 13:25:00
S00450,2025-09-03 09:07:00
S00459,2025-09-01 05:29:00
S00463,2025-09-02 05:47:00
S00466,2025-09-01 12:53:00
S00467,2025-09-02 06:03:00
S00471,2025-09-07 19:10:00
S00473,2025-09-06 15:25:00
S00481,2025-09-02 02:55:00
S00485,2025-09-04 19:46:00
S00489,2025-09-04 16:11:00
S00491,2025-09-01 22:39:00
S00494,2025-09-04 01:49:00
S00495,2025-09-02 07:36:00
S00498,2025-09-07 07:31:00
S00499,2025-09-04 06:49:00
S00504,2025-09-03 06:35:00
S00505,2025-09-04 10:05:00
S00508,2025-09-02 22:48:00
S00512,2025-09-06 23:04:00
S00518,2025-09-02 12:21:00
S00526,2025-09-02 19:51:00
S00528,2025-09-05 20:08:00
S00531,2025-09-02 20:39:00
S00534,2025-09-06 04:23:00
S00535,2025-09-02 05:40:00
S00536,2025-09-07 13:04:00
S00538,2025-09-06 01:16:00
S00539,2025-09-03 21:05:00
S00541,2025-09-05 22:31:00
S00543,2025-09-05 17:12:00
S00545,2025-09-06 08:31:00
S00547,2025-09-02 02:05:00
S00556,2025-09-05 03:25:00
S00562,2025-09-06 20:08:00
S00563,2025-09-03 06:33:00
S00567,2025-09-06 03:21:00
S00569,2025-09-02 01:21:00
S00571,2025-09-04 21:43:00
S00573,2025-09-02 02:02:00
S00574,2025-09-03 23:00:00
S00576,2025-09-06 09:06:00
S00578,2025-09-01 20:51:00
S00584,2025-09-02 09:50:00
S00592,2025-09-07 16:57:00
S00594,2025-09-05 21:21:00
S00595,2025-09-01 18:46:00
S00604,2025-09-02 06:56:00
S00606,2025-09-06 21:51:00
S00612,2025-09-01 08:20:00
S00621,2025-09-07 21:10:00
S00622,2025-09-03 02:57:00
S00623,2025-09-05 20:37:00
S00625,2025-09-04 07:07:00
S00626,2025-09-06 09:18:00
S00629,2025-09-05 21:33:00
S00631,2025-09-07 20:14:00
S00634,2025-09-01 16:05:00
S00635,2025-09-02 01:28:00
S00636,2025-09-04 09:09:00
S00644,2025-09-05 00:13:00
S00650,2025-09-03 08:44:00
S00651,2025-09-01 01:46:00
S00652,2025-09-03 04:34:00
S00653,2025-09-03 19:33:00
S00654,2025-09-04 21:00:00
S00655,2025-09-05 18:35:00
S00656,2025-09-03 23:29:00
S00658,2025-09-05 08:07:00
S00659,2025-09-02 15:32:00
S00660,2025-09-05 17:54:00
S00671,2025-09-04 14:46:00
S00673,2025-09-01 05:33:00
S00693,2025-09-04 22:19:00
S00696,2025-09-05 14:05:00
S00700,2025-09-02 14:12:00
S00703,2025-09-04 05:44:00
S00704,2025-09-02 03:59:00
S00705,2025-09-04 09:26:00
S00707,2025-09-05 17:33:00
S00709,2025-09-03 20:10:00
S00713,2025-09-07 20:55:00
S00714,2025-09-06 23:52:00
S00715,2025-09-01 03:46:00
S00719,2025-09-02 16:01:00
S00727,2025-09-03 05:19:00
S00732,2025-09-06 11:37:00
S00733,2025-09-06 17:51:00
S00738,2025-09-04 17:59:00
S00741,2025-09-06 21:43:00
S00742,2025-09-05 17:57:00
S00745,2025-09-06 20:40:00
S00746,2025-09-04 16:18:00
S00752,2025-09-05 20:57:00
S00753,2025-09-07 04:35:00
S00754,2025-09-03 23:37:00
S00760,2025-09-04 04:28:00
S00766,2025-09-03 12:11:00
S00772,2025-09-07 17:48:00
S00773,2025-09-05 22:25:00
S00777,2025-09-02 11:22:00
S00778,2025-09-06 17:30:00
S00781,2025-09-03 14:28:00
S00786,2025-09-03 22:57:00
S00794,2025-09-03 00:19:00
S00801,2025-09-01 15:12:00
S00803,2025-09-01 23:59:00
S00805,2025-09-03 12:30:00
S00808,2025-09-07 03:57:00
S00810,2025-09-02 17:06:00
S00811,2025-09-03 20:44:00
S00821,2025-09-06 15:20:00
S00827,2025-09-01 14:31:00
S00831,2025-09-03 02:55:00
S00838,2025-09-04 15:58:00
S00840,2025-09-01 10:13:00
S00852,2025-09-04 17:46:00
S00854,2025-09-07 01:59:00
S00855,2025-09-01 00:20:00
S00874,2025-09-02 07:50:00
S00877,2025-09-06 22:32:00
S00878,2025-09-03 23:54:00
S00879,2025-09-02 09:35:00
S00880,2025-09-02 22:40:00
S00889,2025-09-07 02:12:00
S00891,2025-09-06 04:13:00
S00894,2025-09-03 21:36:00
S00895,2025-09-04 22:58:00
S00896,2025-09-02 07:26:00
S00902,2025-09-03 10:10:00
S00906,2025-09-01 05:06:00
S00916,2025-09-02 20:52:00
S00919,2025-09-01 04:35:00
S00921,2025-09-07 15:53:00
S00922,2025-09-07 22:07:00
S00930,2025-09-03 15:55:00
S00931,2025-09-01 01:11:00
S00933,2025-09-07 14:07:00
S00936,2025-09-01 13:34:00
S00940,2025-09-05 15:01:00
S00944,2025-09-02 07:17:00
S00948,2025-09-05 18:46:00
S00949,2025-09-01 13:14:00
S00950,2025-09-03 18:54:00
S00953,2025-09-01 16:14:00
S00958,2025-09-06 00:48:00
S00960,2025-09-06 14:10:00
S00962,2025-09-04 16:47:00
S00963,2025-09-06 15:15:00
S00964,2025-09-07 07:07:00
S00967,2025-09-01 07:26:00
S00973,2025-09-03 00:16:00
S00974,2025-09-07 15:03:00
S00978,2025-09-07 04:05:00
S00980,2025-09-01 08:14:00
S00981,2025-09-01 18:48:00
S00988,2025-09-03 14:10:00
S00989,2025-09-05 23:42:00
S00990,2025-09-03 21:33:00
S00993,2025-09-03 07:12:00
S00999,2025-09-07 00:05:00
S01009,2025-09-05 03:44:00
S01016,2025-09-02 22:38:00
S01019,2025-09-02 00:45:00
S01020,2025-09-05 23:55:00
S01023,2025-09-05 05:19:00
S01025,2025-09-06 13:55:00
S01026,2025-09-01 16:43:00
S01028,2025-09-01 15:25:00
S01038,2025-09-07 18:14:00
S01039,2025-09-03 22:31:00
S01044,2025-09-04 12:11:00
S01051,2025-09-02 06:06:00
S01053,2025-09-03 21:07:00
S01054,2025-09-01 00:27:00
S01055,2025-09-07 05:15:00
S01056,2025-09-05 15:30:00
S01062,2025-09-07 20:27:00
S01063,2025-09-06 12:37:00
S01068,2025-09-04 14:11:00
S01069,2025-09-04 10:09:00
S01070,2025-09-06 03:01:00
S01071,2025-09-05 19:11:00
S01072,2025-09-02 00:44:00
S01076,2025-09-05 01:18:00
S01080,2025-09-04 19:37:00
S01082,2025-09-02 06:29:00
S01086,2025-09-04 02:19:00
S01090,2025-09-05 07:02:00
S01095,2025-09-02 10:54:00
S01101,2025-09-02 01:48:00
S01103,2025-09-03 06:59:00
S01106,2025-09-04 22:34:00
S01115,2025-09-03 16:49:00
S01116,2025-09-01 23:15:00
S01119,2025-09-06 02:16:00
S01125,2025-09-02 00:19:00
S01128,2025-09-04 14:36:00
S01134,2025-09-04 05:16:00
S01135,2025-09-06 08:22:00
S01137,2025-09-03 20:07:00
S01144,2025-09-07 13:46:00
S01146,2025-09-03 15:16:00
S01147,2025-09-05 08:26:00
S01148,2025-09-04 09:00:00
S01149,2025-09-06 12:42:00
S01150,2025-09-05 16:41:00
S01153,2025-09-05 19:55:00
S01154,2025-09-04 07:14:00
S01157,2025-09-04 15:58:00
S01158,2025-09-01 20:25:00
S01161,2025-09-02 03:00:00
S01162,2025-09-04 18:19:00
S01163,2025-09-02 16:33:00
S01164,2025-09-01 21:41:00
S01165,2025-09-07 05:10:00
S01166,2025-09-04 22:04:00
S01183,2025-09-07 04:14:00
S01189,2025-09-01 06:35:00
S01191,2025-09-03 06:51:00
S01198,2025-09-01 17:31:00
S01199,2025-09-04 06:43:00
S01200,2025-09-04 20:04:00
S01201,2025-09-06 22:19:00
S01203,2025-09-04 05:45:00
S01204,2025-09-01 22:31:00
S01205,2025-09-05 23:50:00
S01215,2025-09-07 16:30:00
S01216,2025-09-01 17:02:00
S01218,2025-09-06 09:38:00
S01220,2025-09-01 03:39:00
S01221,2025-09-02 14:38:00
S01228,2025-09-06 07:01:00
S01231,2025-09-07 14:42:00
S01233,2025-09-07 01:02:00
S01238,2025-09-02 02:57:00
S01243,2025-09-06 11:32:00
S01244,2025-09-06 13:08:00
S01258,2025-09-07 21:53:00
S01259,2025-09-05 06:56:00
S01260,2025-09-02 19:33:00
S01263,2025-09-04 01:51:00
S01267,2025-09-07 11:37:00
S01271,2025-09-06 19:44:00
S01272,2025-09-03 10:54:00
S01274,2025-09-02 18:05:00
S01278,2025-09-02 14:53:00
S01282,2025-09-06 14:06:00
S01289,2025-09-07 14:21:00
S01290,2025-09-05 16:29:00
S01296,2025-09-04 16:03:00
S01299,2025-09-06 05:11:00
S01300,2025-09-06 17:43:00
S01301,2025-09-01 01:05:00
S01304,2025-09-07 12:48:00
S01308,2025-09-03 05:59:00
S01312,2025-09-06 08:24:00
S01314,2025-09-01 18:45:00
S01320,2025-09-04 09:10:00
S01331,2025-09-03 09:45:00
S01334,2025-09-04 18:13:00
S01337,2025-09-05 16:32:00
S01339,2025-09-05 21:18:00
S01340,2025-09-03 18:10:00
S01341,2025-09-01 01:38:00
S01343,2025-09-01 19:40:00
S01344,2025-09-07 11:30:00
S01357,2025-09-02 22:32:00
S01359,2025-09-01 00:14:00
S01365,2025-09-02 20:45:00
S01367,2025-09-07 13:08:00
S01373,2025-09-04 20:01:00
S01376,2025-09-05 23:15:00
S01381,2025-09-01 13:11:00
S01382,2025-09-03 03:03:00
S01383,2025-09-06 11:44:00
S01389,2025-09-06 03:28:00
S01396,2025-09-02 03:39:00
S01398,2025-09-05 11:26:00
S01401,2025-09-05 16:44:00
S01402,2025-09-03 15:31:00
S01407,2025-09-05 18:22:00
S01410,2025-09-06 05:26:00
S01413,2025-09-04 17:07:00
S01417,2025-09-06 12:13:00
S01422,2025-09-05 07:31:00
S01424,2025-09-06 22:07:00
S01426,2025-09-01 19:45:00
S01432,2025-09-07 08:10:00
S01436,2025-09-02 08:15:00
S01441,2025-09-06 04:39:00
S01442,2025-09-04 12:22:00
S01444,2025-09-03 02:22:00
S01459,2025-09-04 09:57:00
S01460,2025-09-03 02:52:00
S01461,2025-09-01 15:32:00
S01463,2025-09-06 00:40:00
S01464,2025-09-01 09:25:00
S01469,2025-09-07 01:22:00
S01470,2025-09-07 01:53:00
S01478,2025-09-04 18:29:00
S01479,2025-09-06 00:48:00
S01481,2025-09-02 23:14:00
S01489,2025-09-07 17:55:00
S01493,2025-09-02 04:26:00
S01495,2025-09-02 07:44:00
S01498,2025-09-05 17:45:00
S01501,2025-09-05 07:14:00
S01502,2025-09-05 18:27:00
S01509,2025-09-02 14:23:00
S01515,2025-09-04 00:54:00
S01517,2025-09-02 02:32:00
S01520,2025-09-04 14:19:00
S01528,2025-09-04 13:18:00
S01532,2025-09-02 02:01:00
S01539,2025-09-06 06:36:00
S01542,2025-09-03 05:58:00
S01549,2025-09-04 23:00:00
S01552,2025-09-03 01:31:00
S01554,2025-09-03 03:39:00
S01555,2025-09-05 00:05:00
S01558,2025-09-06 17:56:00
S01559,2025-09-05 14:09:00
S01561,2025-09-06 09:30:00
S01564,2025-09-04 18:13:00
S01567,2025-09-01 13:16:00
S01571,2025-09-05 23:48:00
S01572,2025-09-06 07:46:00
S01576,2025-09-04 16:05:00
S01579,2025-09-05 14:11:00
S01581,2025-09-05 11:37:00
S01583,2025-09-04 12:14:00
S01586,2025-09-06 22:10:00
S01587,2025-09-04 19:31:00
S01588,2025-09-03 06:50:00
S01591,2025-09-06 07:50:00
S01592,2025-09-01 13:20:00
S01594,2025-09-04 15:47:00
S01596,2025-09-03 06:17:00
S01600,2025-09-02 10:48:00
S01604,2025-09-06 14:23:00
S01605,2025-09-02 19:11:00
S01609,2025-09-02 23:41:00
S01610,2025-09-02 05:15:00
S01613,2025-09-05 07:47:00
S01616,2025-09-07 16:43:00
S01621,2025-09-03 04:03:00
S01623,2025-09-05 22:01:00
S01624,2025-09-07 18:45:00
S01626,2025-09-05 23:10:00
S01627,2025-09-02 14:29:00
S01629,2025-09-07 16:34:00
S01631,2025-09-05 23:40:00
S01634,2025-09-05 03:47:00
S01641,2025-09-03 12:19:00
S01643,2025-09-07 00:49:00
S01646,2025-09-05 05:34:00
S01648,2025-09-07 15:26:00
S01659,2025-09-03 03:30:00
S01660,2025-09-02 03:16:00
S01661,2025-09-06 18:03:00
S01662,2025-09-07 18:43:00
S01666,2025-09-06 20:55:00
S01667,2025-09-01 21:26:00
S01680,2025-09-04 18:31:00
S01681,2025-09-01 01:40:00
S01683,2025-09-06 03:45:00
S01684,2025-09-04 19:07:00
S01693,2025-09-02 13:48:00
S01694,2025-09-07 07:21:00
S01695,2025-09-05 03:29:00
S01698,2025-09-06 13:44:00
S01714,2025-09-07 15:32:00
S01719,2025-09-04 00:09:00
S01723,2025-09-01 23:24:00
S01726,2025-09-01 22:49:00
S01733,2025-09-06 09:51:00
S01735,2025-09-03 19:20:00
S01737,2025-09-05 08:21:00
S01739,2025-09-05 10:23:00
S01740,2025-09-03 13:07:00
S01741,2025-09-02 23:02:00
S01743,2025-09-01 18:27:00
S01744,2025-09-07 17:09:00
S01748,2025-09-01 18:02:00
S01749,2025-09-06 16:07:00
S01751,2025-09-07 05:27:00
S01752,2025-09-02 04:01:00
S01754,2025-09-05 23:17:00
S01755,2025-09-05 01:05:00
S01756,2025-09-07 14:39:00
S01763,2025-09-05 21:01:00
S01764,2025-09-01 07:53:00
S01766,2025-09-02 05:52:00
S01767,2025-09-06 00:15:00
S01771,2025-09-04 16:01:00
S01775,2025-09-03 20:01:00
S01776,2025-09-01 14:18:00
S01782,2025-09-02 19:35:00
S01784,2025-09-02 23:20:00
S01787,2025-09-02 05:34:00
S01788,2025-09-06 17:53:00
S01794,2025-09-03 06:20:00
S01798,2025-09-02 13:43:00
S01799,2025-09-06 15:55:00
S01802,2025-09-06 15:31:00
S01803,2025-09-07 11:59:00
S01809,2025-09-05 05:06:00
S01811,2025-09-03 14:02:00
S01816,2025-09-04 22:08:00
S01819,2025-09-03 02:34:00
S01822,2025-09-02 05:59:00
S01830,2025-09-01 18:47:00
S01832,2025-09-06 06:51:00
S01836,2025-09-02 22:48:00
S01837,2025-09-03 23:37:00
S01839,2025-09-04 03:59:00
S01841,2025-09-04 09:33:00
S01842,2025-09-05 04:12:00
S01848,2025-09-03 23:48:00
S01852,2025-09-07 11:19:00
S01854,2025-09-01 23:23:00
S01857,2025-09-05 00:01:00
S01858,2025-09-02 05:44:00
S01859,2025-09-01 13:24:00
S01865,2025-09-07 02:42:00
S01866,2025-09-05 19:17:00
S01874,2025-09-03 08:11:00
S01876,2025-09-03 18:41:00
S01878,2025-09-06 10:10:00
S01881,2025-09-07 16:24:00
S01890,2025-09-07 09:56:00
S01894,2025-09-01 22:32:00
S01897,2025-09-05 20:20:00
S01901,2025-09-06 21:49:00
S01903,2025-09-06 13:01:00
S01909,2025-09-06 02:07:00
S01911,2025-09-02 18:22:00
S01915,2025-09-04 22:03:00
S01916,2025-09-04 20:21:00
S01917,2025-09-07 20:20:00
S01920,2025-09-06 21:12:00
S01921,2025-09-04 11:48:00
S01923,2025-09-07 13:18:00
S01925,2025-09-02 23:15:00
S01930,2025-09-06 21:38:00
S01935,2025-09-04 06:07:00
S01946,2025-09-06 02:16:00
S01958,2025-09-02 18:42:00
S01961,2025-09-05 13:01:00
S01962,2025-09-06 03:50:00
S01969,2025-09-03 18:41:00
S01970,2025-09-04 10:39:00
S01972,2025-09-07 13:17:00
S01973,2025-09-05 02:14:00
S01979,2025-09-04 22:05:00
S01984,2025-09-05 01:14:00
S01985,2025-09-06 14:13:00
S01988,2025-09-07 14:10:00
S01992,2025-09-05 05:11:00
S01995,2025-09-07 09:28:00
S01996,2025-09-06 23:40:00
