category,CTR,BounceRate,ConversionRate,AOV,ReturningUsersPct,Revenue
Books,4.952534495630376,32.27037880394741,1.1344702926468986,1034.0064931565043,21.184607166603165,131439.51567355508
Books,4.876200898337979,76.79035972384746,1.539963610897991,505.0756178545787,38.036964358127285,121487.68476239852
Books,3.480125321212926,64.48945555920851,3.2043078980240187,434.1036044635954,49.50789852847239,25108.265059678935
Books,0.5899670879773644,66.1794917967126,2.9676084099605413,1138.309702303828,29.137366210379938,12107.573769653573
Books,1.9895690710896141,56.48811397538856,1.515663817115494,1125.3652003595175,49.720050494597245,96310.72968945625
Books,4.440745841311254,71.28899387414708,4.4512607875632515,1093.244439188202,25.239449983678995,101437.74365059868
Books,3.697297922889911,32.63381919575437,3.8247957916453688,957.7063405116482,14.800872014178164,115884.40213003177
Books,0.8004926219561748,20.85843710279732,4.50332451458278,887.8993339253936,37.16448275201624,63188.17660975071
Books,2.9423512375587206,30.132121528983966,3.855406088230363,1288.0189924846627,52.79378899596302,30264.016311306706
Books,3.009894801551568,68.52505819064197,1.0769741969557474,419.426889808892,50.84709993350105,161379.8473893323
Books,2.5191191163356055,26.58267013160389,2.8225542079262826,773.7638400055994,35.92737155220063,93580.0883848607
Books,3.058314860259001,63.62778311079764,3.9868695664288634,1078.778637885413,19.947030752319634,85453.37486497263
Books,0.8205081293107475,47.10042368451029,4.86652735726183,1070.0768491092128,17.730625733174847,61029.75535733219
Books,0.7905814083614606,30.944833409117958,2.6952873956500003,713.8276577143592,20.198115865438332,37853.698576942654
Books,3.4523200263974267,53.48614261237107,4.291881404966905,519.9034628733041,52.39927299641231,119803.12278637267
Books,1.6980043729087202,36.41318843411067,2.256711755647336,852.1526600001531,14.125254236844134,169979.8414766023
Books,1.0469348119588733,49.0075905817929,2.223357049359148,914.7445011743314,54.3741258534086,197926.7845726602
Books,0.5912211770724126,43.59436590351165,4.179247389127596,691.9234563143725,42.451808795926084,198529.2487156275
Books,3.410470799671747,26.671482657396133,4.293193806292935,1459.9889247510355,45.62542106494338,89622.93897018334
Books,4.76780078905441,78.1143209029519,4.708025345746209,794.1828027720967,49.48538369844235,134294.07821647142
Books,1.3086799964851408,52.13089410062924,3.8646095410788663,1375.0947311583714,53.12991852032768,39385.1150352416
Books,2.6961496091834487,48.696117767647095,4.54431677854065,302.3247709642402,46.93567688134638,127541.8881437904
Books,4.6470716292945475,47.41504101990428,3.459525124439753,1467.2964365058508,47.19518814579544,22802.9550846558
Books,1.2539009793770353,69.28706617758488,2.006579934381465,1147.1017327179297,44.9911866671914,198803.09944375893
Books,2.6144272563635336,64.26994163035539,0.7193879477874605,855.1092248317062,19.334077240856548,169708.59482550362
Books,4.279587494072319,34.181865242341715,1.932283189024107,1142.9733413524227,46.91329617061335,134950.004401731
Books,4.985125868867725,72.12099271910672,2.3767649633863512,692.3720658502604,39.84248739980403,165350.90380836572
Books,2.6390456318144877,64.26155640989836,0.5862201777771907,1411.008129957725,48.69173637577262,84896.11648518525
Books,2.2280554648368147,26.17320846491032,4.1726917574713775,1222.3554111086214,41.512485376780816,29276.72970736656
Books,1.6805361453668186,47.5348683958771,1.6968737469390167,820.7687077834844,21.297877031882614,76424.09572314317
Books,3.4353359761848243,73.54166484678171,2.2326380655477136,1130.2898773929091,16.739654319126014,112755.41579259468
Books,4.647669014995311,21.676148267443004,1.7040081277706385,458.9922404161731,36.65607397482074,139132.06817355182
Books,0.760006364283992,24.21706523843308,4.413331367370074,847.47977828101,33.147579981932395,189470.2750420422
Books,1.940943246192193,73.82141882196743,4.884146350593186,590.0330371805164,35.70194246062715,111527.6690510491
Books,4.397756503064287,38.234488182909296,4.091190995090367,1465.208869533614,52.01683263721496,182736.65385677633
Books,3.6875949761433633,74.23734561663042,1.2418278590854732,1154.8336980499512,46.59386774857381,93444.37983488991
Books,0.8588231031106046,57.34662477564963,0.733463629567163,758.8829953878594,29.683511448787584,199795.27660803325
Books,1.8491091517809974,69.22723627542132,0.7392725834825922,935.7191824630085,36.83458392780061,129462.47210694784
Books,4.145023415254722,65.71540290338888,3.9245365774956853,818.7527211891443,46.37357412332632,103349.9863723331
Books,0.8012803025525099,73.41090695670363,4.5057348776244215,687.4545175861672,55.69513096404701,154016.96731596548
Books,2.303605538879104,39.890335905515215,4.888142147237454,1155.1523557335731,28.94049773856001,131976.93871635298
Books,3.07186789566816,51.47240136223765,3.4011585446532973,945.1515866164343,42.73951768431903,182438.0268224914
Books,4.969692356653724,62.5572124008808,4.675193607876947,1330.0923046595449,24.751869899063955,187252.51677817677
Books,0.8186405002367967,39.79530926261269,3.3797522079716,932.2985350741704,37.12061964146813,161028.78266223712
Books,1.3761665702878654,78.92453059804751,2.4685620228372676,1439.8119177667143,29.155793224841634,124339.46708181078
Books,2.5264016209541125,60.55610983111821,1.3263112822288392,780.754239408582,13.41905610537157,123639.26922810257
Books,4.832067643651053,22.754390909443146,3.4683351102570494,1230.1175563651916,20.655421208881442,61884.11574002394
Books,1.4071148880801592,37.84475820057845,0.9953715163701837,744.4174455425068,28.44645976571974,163380.81675502768
Books,4.104312420203232,67.80340179856188,3.0516616094851865,691.0568242396014,30.54822582002169,70371.26590479554
Books,3.118675572413246,76.27874727881996,1.780235528250714,850.6221811753556,42.755846506967,170492.03324116074
Books,1.6400026428843417,36.81739705882343,4.483244895151713,396.3097439829636,40.27238029836063,173486.52905823753
Books,4.6478423765819,20.761235253972124,2.163496898723829,608.7177433452559,38.40162943873616,130243.83259458956
Books,4.998985149224879,50.765749813935535,2.981600954317714,797.1762093667703,17.383861891928785,67631.68165331372
Books,1.6114321296996432,68.07318148090053,2.9561738969854057,655.4323562584104,34.45464514467516,51584.32778812895
Books,1.3330721775794807,71.59653423451316,4.751648845097625,396.0175293923854,48.24413535932102,96129.19192118513
Books,2.25037238588714,61.36467857286926,1.6981415840046454,324.69747154030483,20.70014239100075,45135.76457474209
Books,0.6532222169910313,39.27892496157928,2.6353334008136295,1182.994436460694,26.283066274629842,46962.65047497125
Books,1.5377889616412244,73.47062474970286,1.4212418288781594,1355.0888010198123,32.354949774389766,187536.08214622003
Books,2.3364146133711436,30.66097602834904,2.9706346814510196,1005.2479234188813,41.774465163663486,88184.37650921017
Books,0.7187060335752283,57.60319537697072,4.698635694201373,1449.0703542068763,39.84426839305073,13778.533411342045
Books,0.9771731638196552,70.03943154616657,4.2338499694400396,1435.2187263220344,38.18872114334066,174125.09594900344
Books,4.211991165568447,55.36524837242601,4.026368990151742,450.85265341496574,41.96013784400601,191155.68170406687
Books,1.228808742977335,64.64256090800006,1.9435360880452308,1280.5247084613961,44.86054668528338,185973.10894525846
Books,3.7037093886225287,44.618635697771694,0.5490164052064661,1251.500276124994,30.423248332770278,137420.47801862334
Books,0.9727991656178845,73.4581181538593,2.460460088329273,1403.6300805704182,45.35087168972455,33077.82979863011
Books,3.1063847603346466,74.59606687650724,4.099867519475441,801.5764890915,57.75321986269535,61029.47435229009
Books,2.1879846649324213,64.9828503972079,1.5480705074698222,918.4493639514575,46.439459505207715,132353.87556704614
Books,1.199164613544357,57.779618967670075,3.0771973796229823,969.413790046935,51.30235932686231,44940.244279752646
Books,3.8820469416955135,65.65556106410492,3.7519044781139077,907.161976174512,29.77693738688687,84988.66041384712
Books,3.8021392127400824,49.87380215497228,2.022951759039171,1050.563621286386,51.85056302515084,21686.660821973535
Books,4.874616309971469,25.79911637491426,2.802821543163132,972.2514528453553,16.910535268067406,183962.81307335908
Books,2.6216018478162226,28.5872308676236,3.7022558128149687,1096.0852142911317,58.14327848907238,93888.10169067216
Books,1.705081879241417,23.599640377715726,3.7990468628612124,1040.7332270765069,58.630541745037974,145311.34616269017
Books,4.6992266597219725,79.49472768677482,2.427940149047086,480.3540160431325,19.792538845163186,70491.29239134018
Books,2.7900309517982276,27.34519996378137,1.8577304233485605,669.3526168594984,10.20428274823564,77292.06053661462
Books,1.0226849003810214,45.782682779743354,1.384415318316871,1286.5370876318352,14.026267638691177,174475.48196945802
Books,3.1123697698606922,47.51843979190145,2.973840426022596,751.330955013203,16.380595249597256,155517.1649989182
Books,4.67560215543387,77.00405738719189,3.51820177800235,792.4169118200007,33.91799811382482,134823.48242796998
Books,4.203826324287565,42.47402825258243,4.625515511515,689.1265859167355,36.54298876636021,192658.7420067666
Books,4.721895119415246,61.744705371664956,1.9605208751375391,562.8420398208043,14.007167766677211,144644.3369004832
Books,2.7655281230091604,54.337261636655434,2.6257647826658204,879.5357202881315,38.56368096024826,183709.78117344718
Books,0.6321483476062146,68.09820677438975,2.2573231725121956,1193.9091207395998,57.42631646221782,68194.52877000367
Books,0.9029958653470952,33.93790617889554,1.4994177400065318,1190.2193009523048,13.092909086255869,19677.380172589415
Books,3.6212386751772616,53.403181092561425,2.3799539517944153,990.4420883724542,46.76239529843195,29659.56081428807
Books,2.989788871914241,69.46500997485832,2.1309312676024055,1215.621585147167,52.27104195732546,165976.54644582543
Books,3.4266038089363753,63.04067110378752,4.044538313216514,1180.4511713971583,32.58400811432894,40232.979145671554
Books,1.8937876994848724,32.43479373452349,2.12649869446251,887.1972962189138,57.9523335867123,192297.93104795992
Books,3.963148344125855,78.80841730180043,4.9910711712100655,1362.3080973583722,13.9751791603069,90948.37965820976
Books,2.9035399146140395,27.444955136938844,4.138837822594063,478.4200979385371,29.166438769649197,23093.314186297455
Books,2.860668895813893,55.82248681008104,3.808295825723058,707.3537864195437,39.52657498015905,149487.99453548965
Books,3.929158170095108,38.098510787002226,0.8046676858015627,345.14337306186513,48.40301423462918,83233.3942644367
Books,1.102741982615082,31.069336131276334,3.9476771366140557,1018.6824008289179,35.07015830817854,128371.4412686612
Books,1.1187479937084084,39.14253457460942,2.1832858282328247,677.3973232557465,53.22081560674681,120470.01748399729
Books,3.781946333677521,34.20236539254179,1.6883331678308768,570.4031796937755,44.39897888227787,76317.78918119849
Books,2.322878595818734,62.54729647033166,4.873094158474425,494.2503764799816,13.13381341174017,47020.72707381757
Books,3.807323082334752,31.67763746294098,3.1295858118119884,1008.3798437987786,24.721155014854055,23057.993176559456
Books,2.296402328532221,31.207125335392135,1.3301294461993582,927.1066452344892,43.65605690488768,24328.85993064032
Books,3.102446293891254,34.77209860690765,3.529841274588572,1272.25900344284,50.35068178329419,80273.65806573951
Books,3.0527135324489496,67.6217110302428,0.7736461766621474,1026.7492034068346,51.82609919122228,80747.82960129002
Books,2.5493365129157906,61.923684113560995,0.8054812033956444,762.7631525047507,24.78553851119245,13228.907421554853
Electronics,1.3818769755496703,43.753013935330955,1.3884291878025692,1022.8779818334677,32.432630366815445,17501.44600694311
Electronics,1.7376811894063262,21.168606222752842,2.111608309525142,610.9320212950003,44.40933910842308,68407.31586334112
Electronics,2.188213990629638,63.52003591179252,2.664129541588938,967.7452543150079,52.06733318737243,49308.77803689999
Electronics,4.951334878374157,74.00630551042363,1.7894877287047746,1371.526101144672,47.69780791484067,186843.72967280884
Electronics,3.6101083465658563,60.46864297904952,0.5155898409388909,869.5338344100677,20.01343030892115,71575.47724211139
Electronics,4.904670352983537,25.1301174695706,3.7511891170420664,507.5338102450479,10.370066974807415,105269.55468110107
Electronics,1.2254688444186188,77.92797535889463,1.4166353169918326,530.4423288418415,11.608346233041907,72665.73134899314
Electronics,0.6085025371804961,49.933198114587626,2.7752478927233395,363.8919444767831,22.003113849370813,168100.23217742683
Electronics,2.581451478164149,46.076602495146304,3.644496263128092,1157.8583321871267,48.09813003978432,167791.64176637694
Electronics,1.5451279088106626,23.982836436761062,2.2111919537599443,1326.1174927477828,13.901433214278399,119431.22177256053
Electronics,3.65487327113627,48.88443279693783,1.648289496229736,691.5713781880355,13.582604899179303,65590.87399434921
Electronics,0.6997010340257344,63.579499888038114,4.540978753302588,1060.2157541443116,42.83516114665934,99707.04405667339
Electronics,1.2021640214229863,20.46350847520218,2.04789198924757,1201.7862688451473,58.02157896577908,91906.13589096082
Electronics,2.1442595555008985,46.75751037988287,2.424987031118869,1051.055799598374,46.70736985490466,159142.02441837025
Electronics,3.4232216424563653,46.26343752724148,4.775466899981923,1153.2236356455196,31.332902042308877,94850.53764814584
Electronics,4.1809138246805695,46.43245326334626,2.8232313025059104,649.8627503035489,51.945741694264925,109234.2412576308
Electronics,2.9864117227524254,72.84052416280393,4.642327705312443,1289.0325559998241,13.268520648865419,94266.72933822175
Electronics,2.0449892261859146,32.81088687974712,4.590292441306037,1368.0827499774045,33.26489416416253,35566.561627844065
Electronics,0.5601452914930436,46.30802483388912,0.679798168580944,1031.467130303712,40.42044354400345,180798.49510431517
Electronics,1.3552210773021047,42.28365454481264,4.367954249529254,869.155802988138,12.986164448597211,31048.94320315043
Electronics,4.160545572103031,64.62184580171078,4.441466827250563,442.6333990909725,48.02083718982637,134469.82934205595
Electronics,1.5453195851346924,78.43426313333666,3.06659668618054,1388.2535704765623,52.95465671034932,73293.8374992962
Electronics,2.9118058789406596,45.882097964280305,3.6908490661703404,1005.6504054521132,49.24267665186206,12232.929323617062
Electronics,3.595069676365513,39.14390931317929,1.5089996295023809,1261.4896396304066,14.461060559409269,53407.40856883683
Electronics,1.4168045349490017,45.18952670358211,1.9505155305076745,1164.5619805316041,44.96849403007383,71839.46931014741
Electronics,2.466413492656079,32.474491050786376,3.5187570522332177,775.4672881590907,16.641305222110766,34180.44346318714
Electronics,1.9504430528952899,64.83950171817175,0.6147695125917517,609.3296318194587,18.124307944437867,191730.78604806683
Electronics,3.6737672178696186,33.99396104713677,1.4335726344628759,1329.636654464732,19.511334820820657,199441.24803747312
Electronics,1.7703640400512985,25.0599628921721,3.6092385230758617,1031.5713511010085,59.991108268072836,162396.29143067528
Electronics,2.429764399099576,60.59668688978502,4.180322541215084,916.4718305319541,23.64357253676058,49920.07203441023
Electronics,1.8287664647612647,70.8841269001883,2.211945676199309,643.9969902795809,50.29436138975405,16064.864937163265
Electronics,3.1728122191865396,72.41790819117631,2.3453768707502336,623.1817936311413,34.58545347179782,146320.6618614951
Electronics,2.8247250336583973,20.458339677546387,0.8524605024860716,1165.5941077076416,29.997566743774932,159107.40794134466
Electronics,3.4227046134765904,54.89095005931273,4.556188257702851,325.58648817685526,17.751718069890085,128631.4315434754
Electronics,0.7962262094754295,58.69822910364148,4.928544846613705,1354.5697187934406,39.545846201271424,179855.56811813283
Electronics,1.0232066806981934,47.281649895533846,2.429042521154341,703.7371043915892,10.01006990671552,179295.5135361379
Electronics,3.9996797456875774,59.17145093598732,1.0803507973323532,753.846160429805,56.21634986839156,127216.62496321386
Electronics,3.2153474143671126,74.78759448542208,3.0192517620483694,1017.1478982683751,27.285784723810867,80573.77655415061
Electronics,3.5852308808636866,39.22611299787872,3.0159856426453255,635.0360293878955,18.306261897722266,96336.46719835328
Electronics,1.4785070558634825,73.90965830489245,1.866258346221648,1016.8825146471853,23.172092027260195,59023.659917705634
Electronics,2.0778623666528353,74.95247403925694,2.2617398222836993,1285.5197633089733,19.864903726921646,19152.213195921904
Electronics,4.0175506458564865,52.512493847426086,2.7667661586211465,626.6470190992964,13.615850742967591,101743.40690324074
Electronics,4.402518614597173,27.20132082220915,4.681268957062275,629.6748962899376,36.609314641433116,22636.595138650548
Electronics,2.412709672111906,27.55387318442981,0.7158820373474337,1459.8692321131798,46.50472677320663,146620.96699259552
Electronics,0.9074736026768844,75.76103146926451,2.612608317544485,1322.7408816689172,10.630055055688539,66659.23145412632
Electronics,4.982212049569095,45.67028256172395,4.498220924889596,693.5980180452476,36.26645661341031,172301.6225259325
Electronics,3.226192520917709,63.5115405586827,1.5297494189880385,487.0685249461673,21.5153221704828,103679.2427945408
Electronics,4.104341441455182,41.23963102857598,3.04167101896387,1265.7749531738855,21.938823304632095,177765.3896347638
Electronics,4.788870405000725,22.338208147959296,0.7659999953815424,409.1516624954603,48.838420425482234,45974.019584005764
Electronics,3.765631939096582,46.476564192313184,4.263147542171312,1270.2664953651135,57.98312806912235,57697.191590518094
Electronics,1.5315762324741446,21.890478517315955,2.3468724294193803,850.8758025065005,58.22569167147191,167849.2058926749
Electronics,1.2505627312246559,67.90936175649205,1.3023467637609014,393.3180838293325,51.85413757283683,195432.32055281635
Electronics,0.8965334503751184,68.83549257310892,4.3664569188942535,442.50670111973056,24.1626735885973,149395.52141248234
Electronics,4.134786258121378,41.23844732297991,1.2196822985578442,1078.0133712110855,45.098430162173905,105685.4922400553
Electronics,1.15223480438007,70.66920465935672,3.403696815799325,1342.9970985970022,56.64845372450413,163082.59253323308
Electronics,4.813958365323507,77.25546474475183,3.2870504992565124,1173.8089222746066,44.970426765343426,128015.87705420976
Electronics,0.587098291238835,41.354400925138165,0.9503524117016615,660.3109321586132,13.428240346304872,184805.98436375303
Electronics,2.5309846204517865,31.361866860523122,3.1315065397877837,535.7411200471441,50.22201608952131,68124.63085064769
Electronics,1.9170528478921884,72.19705663498515,3.0164129809260567,1364.762526906612,30.644401493267907,75346.2623448948
Electronics,2.7779134876974867,23.689500272174573,1.1939034704419453,563.4259628715809,50.83386413432309,149421.76381304456
Electronics,1.369882754527746,36.60485386241155,4.749178385602074,402.96355467122896,37.37275490740301,109181.3284827548
Electronics,3.765685177209601,35.68612258121016,4.706476928590572,792.6994579544339,24.285980361710244,74005.18920071432
Electronics,2.0692505696012846,31.935704819916793,4.676242639134923,509.850221531201,54.14163171696846,86936.5517886812
Electronics,1.7117441757983822,31.910537170319678,2.7695404845872154,1103.1102515874795,54.911051523024064,133964.85090492555
Electronics,2.676481206227465,22.00856387469357,4.619421075540288,1382.8430915789277,28.935848366041245,15516.585908366374
Electronics,3.800162981784217,67.50085261142793,2.9410962329990618,783.4499823153849,52.55664189014995,46578.11917048379
Electronics,2.4780118514711935,21.46916664312144,1.2380473758986876,1428.997481613613,38.904162518237875,163062.5426102855
Electronics,2.6892518634622107,70.08962588051241,2.925277298785935,305.44525609318276,54.98495035154141,38227.562768823394
Electronics,2.527496425884969,48.600459730923475,0.7125632316037123,363.6844625270939,48.12759047223534,67085.65010963203
Electronics,2.3433267480794786,53.846750927914385,2.1802374704630383,1230.0449118518327,54.223232680958375,21346.397982773065
Electronics,3.359315227570739,39.059600447428906,3.1247387528755657,880.6887817587582,26.68392605061411,28014.972802822063
Electronics,3.017479601763039,26.767553985606824,1.2025403967951278,1478.610305917092,25.83525951735394,121042.87602807948
Electronics,1.725043739085788,71.93056631636881,1.7750308589300772,740.2621819649867,40.41937889050165,175297.47445247145
Electronics,4.17296369538956,35.8315931334178,4.232997308729904,1141.4343784691557,59.4914245205508,187735.05691738776
Electronics,2.899115249204198,64.99571715155247,3.0658086589425277,1013.9945305379669,15.075041498888938,10426.684610754499
Electronics,0.7168386851369928,77.99784007366546,1.0682070256534515,353.2676450102233,25.48221048535825,121754.18859136036
Electronics,4.768072899363197,61.99325471308922,1.7435883600507507,1426.869621884578,11.802053763260043,196020.26138069062
Electronics,0.7638831537190205,65.23099838342995,0.7038389262805381,1417.8737308422085,15.433294836556957,19591.012475155665
Electronics,4.501693196712264,25.7476330350575,4.0906908085103755,1196.4415685472095,39.94390192441831,81812.91684166824
Electronics,4.620112473348451,72.26487535208747,2.418111999304218,578.0699475775778,23.628583470920724,51861.47969888525
Electronics,2.9356338324224485,72.11232971421785,3.9812538523917667,1254.612551934527,32.41442458498227,71264.51804169222
Electronics,3.9081009681727363,67.59789655126926,3.6290916791631758,338.5285470507221,39.484234403424196,75938.70755709808
Electronics,1.3828673706195536,61.663715800537915,1.7083676105873504,1395.409390747027,24.903953688159746,115484.31393229227
Electronics,4.224929736432351,44.127100281642996,4.228960816584621,1168.435676962395,56.04329765415773,71908.56689205542
Electronics,0.9726262915105952,45.82096987582565,4.0361606113511215,840.5221360680662,23.09939650965353,15244.603738872807
Electronics,1.908607113301223,62.80286666978828,1.1642619030203145,709.0552563686857,11.011573085255613,147133.45061293832
Electronics,4.4630737117302886,54.11169906128205,0.6164244765168395,561.1503750594397,31.92345676474641,121640.43190668225
Electronics,2.7332435411171203,74.95196278467628,4.723863423806774,428.5829550469987,16.919543910366933,78030.43332415563
Electronics,2.3955569685526754,55.16400155966753,3.979218874044455,462.9212466740911,50.13198480387702,125905.37956030967
Electronics,4.913980073577507,59.07006068495194,3.7224117713332294,534.2506396826034,48.44309776795181,25060.573759803
Electronics,3.4543869628468373,23.334374530922084,1.0185161958931856,429.43952917990896,12.624203241127816,71016.3942197203
Electronics,4.974586060561412,40.89352210769218,3.923491610023474,458.78041902852067,32.72455401327274,45172.00875732952
Electronics,1.3644372654194181,25.98140219444228,2.4441986886256943,390.6419048984033,55.490567817783045,95101.06109867133
Electronics,4.273547636470466,78.76786698233073,3.5500063046910784,1381.812908561008,16.76837602515012,167698.79271386281
Electronics,1.7204779994448915,48.35588233052965,3.4096219209244953,1384.2523110422565,55.54969004648709,27499.45165695055
Electronics,2.1404996996947627,67.590512401053,3.6642060015450144,331.6229340249936,32.49447025284749,167558.08807348736
Electronics,3.8195799680019773,44.71098753993936,3.8082250505603996,961.4528509639279,55.63144990341432,121554.1631361033
Electronics,2.3033038045746563,71.77523747409407,0.7244097903798841,1380.612772364972,44.81734072488927,188715.1134805748
Electronics,1.6272719110713125,61.69528187839168,4.142584701076975,1142.5230957430522,20.516685114463254,62362.01793384029
Electronics,3.0503405680370315,46.80503616144617,3.8080273478743774,754.4120297595846,52.97402609298613,92064.87695698254
Baby,0.6801857632165658,21.04184455309674,3.4103416373804647,948.663741938191,37.13723216781443,160101.71304540464
Baby,2.190741055878738,79.72681985569908,4.754885452744335,315.55412058938964,54.78713840993781,139304.43357032037
Baby,2.759406515672157,54.96484844564255,4.288358134689446,1441.2448704876285,38.01668123682212,44445.37496583208
Baby,3.378892927200192,24.57313810331484,3.358124315756905,1270.3341630322482,27.666571824294348,23525.040608483
Baby,3.6150175778580778,40.359725010114744,1.6209349334624823,1127.0181107318904,58.47932344543974,151611.25171089012
Baby,2.7110751825171895,56.03064334544889,1.1402550890860499,1275.8559428193694,40.214750530570946,193507.77561962328
Baby,4.907675157304766,41.275201546424185,4.948456709807019,1448.2002337231083,41.9915981902568,73358.2414072397
Baby,3.890030993364961,36.27423388136815,3.334297535035613,329.49793655947684,41.42913982720868,190805.57409937674
Baby,1.5581436921779885,66.69076920294665,1.8204059746202073,1149.4196984743699,44.99861849367627,45100.17092119092
Baby,3.1870755968945894,71.55013718678921,2.2213988124780255,1152.332341618695,43.721501761727325,58927.6603421147
Baby,4.633896019035665,53.81072504697638,2.0988169556248586,497.2300508429241,33.67291762098845,148721.553201323
Baby,3.3063812139694457,63.623153573165794,4.062923385351729,829.205719787328,36.008309201214615,197420.2012003692
Baby,4.856231281193895,44.88902748553154,3.5833078589292278,621.1082139934233,17.634877281782423,155996.23229850936
Baby,2.462809862381109,30.623168219001137,3.914815655842462,1398.204431752828,56.66367502288685,123303.40460789771
Baby,2.658385080386931,28.511995169708335,4.067554119152465,1434.3877825203476,54.47302068086984,152838.85634315744
Baby,0.5205598816584922,44.46505247644045,2.3482137726581356,1373.2418795516783,13.282535845952417,110932.29093756605
Baby,1.1126048176720273,59.73763485595833,4.065149696801814,1070.3510543659577,49.72925705103129,125424.29656905726
Baby,1.354275997136944,42.95981111014248,4.805909672887648,645.809895333608,13.1431192131675,83117.69523015499
Baby,2.148382034798515,48.21852894394507,3.0213653993654566,1490.9079198085074,47.81169710930086,16819.24520896496
Baby,3.707205476929307,69.4539049047055,4.530338324979739,808.8073234828814,25.681278405292474,169471.71061741526
Baby,3.9992693421134247,52.16254699794954,1.030472529868185,1082.1136068817214,13.28337832164371,29069.692891131774
Baby,1.9901310751635417,42.270529812083744,2.5788831750062604,706.9715510624985,11.689407771725964,39908.980040889386
Baby,1.0180038462441545,45.871015913957564,1.4545801723174905,652.2543514739601,33.57837316823631,54756.753364000324
Baby,1.6066809697372668,69.98865064319412,2.966390906272923,1328.1113418959962,35.726295760960525,182760.2041604311
Baby,1.646339321718507,57.00020200683206,2.764542982342455,1402.4291120198316,30.923978892866558,172416.52452064783
Baby,3.0375682277263882,62.51257711162984,4.491018919038003,1496.2876976457542,46.556977932385976,69759.17105437872
Baby,1.8455539698144936,38.546229493517856,0.9405874413477422,364.3186703146432,39.042143816184876,164011.82017212154
Baby,0.6626054291691208,53.99805778531043,2.1729250455027316,1370.9822430691422,17.26934644404431,117052.08095181368
Baby,4.869143181476566,40.70197798790376,3.837996100820775,1358.9413860481025,19.310528123586437,198580.16424978073
Baby,4.142239992675636,28.253855486752375,1.8989811523167694,1049.9640460288124,54.245888130219626,47018.74929253271
Baby,3.790425121454728,36.23888079308125,4.124374027824491,1120.13043273004,36.14545173343036,133474.53285771003
Baby,4.444003604902178,43.18555159078902,3.9616258107021287,490.6865218505958,45.05927827209508,152624.898869625
Baby,2.4934896353950484,67.61732631797463,3.0069651464504465,1423.5292772033588,15.623321798068226,34856.07099038454
Baby,4.2909234892005,70.54167647398113,2.620511380437164,1456.7546518466768,43.96946593133516,196742.1168847918
Baby,2.895779278405932,32.09680065488094,2.4997690716310874,1476.5842103364173,28.520697651470375,191833.12229561832
Baby,4.086596064534424,46.526379667579846,2.938419643809126,1028.9268927387548,43.28830423651528,24572.85115687274
Baby,4.70114623587296,55.81998278603993,4.690171488217189,1058.2781655460376,31.550774450487552,117716.32219190312
Baby,4.232764733181282,39.56754988710043,4.8040702568416345,859.1462373668836,57.81185010486932,177343.75680121998
Baby,3.9544788038711554,48.046267966232364,3.1412531494144407,1305.6352948323909,37.20279009323503,150256.0195423133
Baby,4.0579657295304346,50.78571474012108,2.9131138325915096,537.4016606662589,22.23695888535421,181939.20480690026
Baby,4.281483256984931,20.607353512406842,4.41224413694628,330.2818627041625,32.91402014711642,22812.21796107151
Baby,4.85970412305726,78.33915534825297,3.248919238849777,770.6458929882403,35.599637509728964,154836.870891564
Baby,1.5043683187408268,46.50334947301576,3.817709106138882,774.4709734045528,11.599826104634822,106404.93962047275
Baby,3.81835023142796,78.6089845510736,0.6667076893880782,947.9047225811726,32.49693310694788,56065.26996527859
Baby,3.3699322402125693,29.817349571346927,1.7773914529168375,1238.1088682101492,33.02058700127775,198797.4229147781
Baby,2.2390733486695735,47.79566396601298,1.8511599293984031,583.5523274292545,56.11407055974085,152277.0616244589
Baby,2.00031139490636,62.00935937874348,4.8460268769645225,388.85755873669666,23.225220218542965,48109.92434705026
Baby,4.414024236399845,30.751419773090962,1.8863419819534883,952.6329279914218,41.054717779347484,163554.91488120463
Baby,2.3329546094925666,52.054683359233564,4.844579337698924,656.8340839720875,22.404710558266242,145013.8463549328
Baby,3.970113220402123,44.8867341908185,1.4584051319985079,1234.7071869736708,43.524644763951905,176483.28224324549
Baby,4.299469089472046,32.311711070254,4.245526310399061,510.20848934268446,53.18519518889528,156360.9774662089
Baby,3.0643748342707933,58.53330054862677,0.968356718936412,347.86221778359845,26.53233708669543,166067.1041692661
Baby,2.5960350793098765,33.403641803192414,4.255470049616671,574.3527103787676,50.77468616204709,96066.11087444816
Baby,2.585726992702768,36.36317659149453,4.550783094047086,406.5423308329609,17.220315065176223,130818.10596677948
Baby,4.3255186959035665,25.727075011113655,3.801885122374737,1191.0138397673836,39.07613650824641,102478.32915223598
Baby,1.9448949168839054,41.08770754595999,3.5349506258696186,378.3447494566924,39.24674937723128,62959.116566040946
Baby,2.599726603747741,53.53877710701191,4.48546704635449,994.8898659988257,21.357978581950952,25097.296102751632
Baby,3.3214477981593724,52.70290378106834,3.523090534592279,851.2758949648044,51.2562923666514,184834.1396253403
Baby,0.680019900006322,64.64519216978726,0.6582224513607897,834.1160242470536,33.080160838566,142281.49552975575
Baby,2.085814841904261,69.25408029909312,2.0428882607563805,711.021466009785,21.13803338293235,139935.1095892361
Baby,0.8446425233767691,41.78330515308605,1.7010083576730324,575.2027621216982,13.049165858697062,46172.79198771336
Baby,2.5080998458941566,50.22448731604139,1.71277103205407,1080.2922101598806,26.78966688284873,79776.70926742782
Baby,4.021809503544984,53.118003285494126,4.7892868303731095,731.1614415181658,51.392024799720176,150284.13180347535
Baby,4.505850173488527,77.40748237538486,0.5345443313456946,405.9572974410193,43.71694106137543,84137.97334235518
Baby,4.18606295784236,20.718789779964276,4.1313983134839365,462.2903979643827,24.5124521981314,194124.85804954337
Baby,0.7321915109667565,40.942436747160436,0.8803794903957791,1324.3252872160417,45.15080612687115,162064.10368498857
Baby,2.872757802928877,41.46320118028828,0.5102312882230673,633.5127744514971,35.72767733830573,136228.78693045588
Baby,1.5302183965644054,28.334050777288056,1.4072668791344216,724.891262029344,17.418914560073816,39795.29354001122
Baby,0.696882650030399,71.40351166126717,1.4889138082733409,1286.2829268735445,31.91546930686193,130163.18479558574
Baby,0.840659612711879,55.01482992681108,1.8049793142798578,414.2519437814349,55.41162480839178,124689.32804640326
Baby,1.5876843225980852,45.17888064334442,2.106050603358674,1140.6955990293857,40.3716588013747,13758.613451758494
Baby,1.3902214532210306,48.68767833445169,2.5046860651420575,920.0098583322366,45.74054166531573,139581.70971466316
Baby,2.1776603996389614,72.65489767631571,0.7831965670183343,1001.4118741340718,57.484274628476484,114325.47318681104
Baby,2.547978353657852,28.035055321785467,4.1458509287222505,748.5538680490945,45.0622954742344,47533.90727734083
Baby,0.6883844131946708,38.32804715168003,1.7663623765560088,1348.1703042327292,53.233688929237694,111439.90229426233
Baby,0.5854952550748713,33.69947977522856,3.3755566739604492,421.69008171644106,45.031113235972356,12272.82996216126
Baby,3.5714154891617165,70.67235457156276,2.6114797384075232,1294.8971881320454,49.07638666219348,137569.63853185863
Baby,2.5031717662902513,36.31424266408963,4.373887829759909,1078.308455595538,49.90084176252881,114873.71626848946
Baby,1.2733989552226612,78.76627637081218,1.3223243815593684,1393.489801229884,20.4069323022487,81012.39393182282
Baby,2.48037550041842,75.2825593716887,4.496893569108785,1287.8651735429232,28.833757374786714,10853.71689749483
Baby,3.5671249404838368,44.65723006791223,3.90676186776846,1253.8224553002601,31.98617014587121,152139.4874102202
Baby,4.2797177623385485,75.70856789609002,3.1210489962022745,1234.1745228718592,34.72824351048236,17915.970081692794
Baby,1.198496425096325,27.693470554380205,1.272945155519655,312.2552995354119,52.935341163257625,116428.37079031236
Baby,2.2241750135507043,44.58673229461851,2.5850799217349127,388.6602005035111,23.73327057899601,171809.02304749613
Baby,3.8465385629629303,53.80433229523447,2.6631679310148337,610.7678219890793,33.562748482355275,123592.50245269481
Baby,3.7068707814421127,29.998411265139428,4.158996208118499,714.973532440587,35.16290416451777,125501.82015330317
Baby,2.6964282029946496,54.31741424924714,1.0018555910729205,818.5865461303622,24.02337354681132,26344.969238505335
Baby,1.3624215153439743,56.1466739856475,1.3850888119315266,517.276812142912,37.64152161933181,181893.47627432717
Baby,4.049117827879234,74.30534663119103,3.123410910334318,791.9154725503286,46.48206827709717,59659.16535470368
Baby,0.8512428110243166,40.676887563868135,1.8465651386915785,1110.6467133805706,37.56813394059071,36269.96697059925
Baby,4.588268808967114,55.60033643028825,2.559579014406996,1424.6339125423842,14.86509243989504,160022.65824654637
Baby,2.140994775740042,61.72338505543829,4.6882644244145535,921.2556965825007,11.131941171437367,15481.163732744211
Baby,1.9875236858841943,66.89949316370371,1.7971760438311224,701.3623210634612,49.223035659878434,32075.943044663363
Baby,4.310658328832985,35.94755093324639,0.730503819630087,440.81124768442714,57.62774433694118,95751.551458335
Baby,1.6539714769930614,51.276257010751706,3.5705599402721013,682.5580896528832,46.2635601580512,57927.88967236839
Baby,1.0055175441981825,52.98249322214569,1.1800340415235864,1428.5818544389679,10.022451406592538,153582.25899364383
Baby,1.757629417806099,70.76521170634201,0.7706789768316886,1443.6007179594858,15.06974419165067,159697.72345673462
Baby,2.82803996136022,45.8236875126551,1.7607010365962221,1309.6434422988782,19.987569876647505,147035.84224864325
Baby,2.5060624296260285,79.9097004288362,3.251295590763977,425.02752458852206,30.976059457599977,22596.806273187198
Baby,1.7854503547510157,40.59900769286628,4.339294737528213,1305.5849719290427,10.57786099917006,111132.93685096754
Fashion,1.505946900214771,39.205585882733345,0.5974307848649083,1199.6950385343757,57.52948878762007,51660.73765963184
Fashion,2.037977901715246,32.38603968379185,4.685218986386879,311.22716148891215,39.19311406455176,175445.15261320848
Fashion,1.3383822835190606,55.39971748172493,0.7279164718919822,1277.5021602813713,23.721456138646907,197863.14926709954
Fashion,4.649043292203996,63.95095819596284,2.7357918861717128,1219.9069342330822,16.530452377138108,68937.93152669253
Fashion,0.6210337485958568,58.70147849658441,4.124919371366815,1435.5426642158013,44.32535925251206,149097.33564231856
Fashion,4.52955100205728,76.18268173148758,2.710838974413676,431.7448676499291,33.32086549360786,115654.03394573505
Fashion,3.341951471279948,79.3570734385564,4.6290344688084675,775.6370432948742,15.672684313535491,50810.40366230749
Fashion,1.2820983027503925,41.36076362893979,4.444201777753545,825.5622073784632,38.36386856989286,44041.70621935582
Fashion,2.717817264429784,72.41766328401752,3.980584685831346,397.4288589588259,53.10361343750576,62027.33850978604
Fashion,3.495723122029853,28.78297430856388,3.5358996653861094,342.841714628596,40.03223505351089,132728.6324446554
Fashion,1.6002352132657887,76.2185653826288,0.7068757424021577,1370.0511921419265,29.094874382126548,145643.8009234761
Fashion,3.43196792306571,30.09477296167973,1.9354967401543643,935.6081770950407,52.32551351923034,191423.41442773907
Fashion,0.5926398500175879,41.15349532826052,3.506647660621082,933.2753198912005,57.15110579283795,13224.192561830081
Fashion,2.4698272937793613,60.128230868277335,1.4791267124058018,1171.045663337938,14.061431411065424,95697.32060144993
Fashion,3.543057302858171,36.005427694428896,0.8323088795386826,1448.4259317593314,55.69115143976313,186010.28320622924
Fashion,4.903260724839776,31.081883264682293,1.2099919900660034,341.05750344921245,54.591139380889125,153024.93981583088
Fashion,3.3496808500332236,75.66056955116824,3.087844765216237,455.6769032706576,18.843223746750397,35114.94676423834
Fashion,1.8844610572536462,42.769809986816824,4.085775791081094,529.5046937344121,46.268257642185105,103333.41540175646
Fashion,4.998469645077228,66.59494766269214,4.8602884489398175,710.821801962394,16.152509658312894,106120.20297758913
Fashion,1.059077632385633,49.54710229172389,1.7147346177892118,889.256654913704,57.4818101810983,64916.472202464465
Fashion,4.970453222163025,33.75976816424513,1.4364877054866503,953.7462275990271,52.10224691580427,152405.6686445311
Fashion,3.755916208831843,36.95797646912786,0.6013254923164569,494.09794817310285,27.473665056958627,194619.9126083381
Fashion,4.638998560882458,32.038675235965954,3.7653011509311307,994.8202282840577,12.492132504386312,80624.06614673205
Fashion,2.6873318316465618,60.05444740100611,1.8270730220649956,1420.5823548653786,32.59395283518348,57220.62858222337
Fashion,1.9239263926126147,65.11312571713785,3.381284154085535,1190.613625734936,24.61709126604499,72101.23751567343
Fashion,2.285236024478533,31.31557990970024,3.6097004522131164,695.2194168934184,26.311811207097065,61179.34427855658
Fashion,2.5377251211564142,66.31856475405263,4.26023917456223,1265.409453219872,41.05967888059435,63281.23166107286
Fashion,3.8068484261377,22.36171650452772,4.091685832897017,1236.2730768798897,43.5000556588239,28605.83549725977
Fashion,4.988036009877339,65.38455154405972,3.806630739535518,376.80942303517384,29.93525632864493,26372.869932926475
Fashion,2.1246665306406833,54.229133261431,4.454924847604769,639.5252795933962,41.170732624113725,41283.86524551307
Fashion,2.0928373562400084,76.83424851417996,3.8643841201222924,954.9669170246061,22.58483995780808,82143.99230233885
Fashion,1.205120002336315,41.20803158582365,1.1778477182923655,1254.3684396133372,14.03795449711441,45987.04116334997
Fashion,3.6102502840133925,74.15100274523473,4.840662243954208,1303.2275000889322,20.573588818311247,64285.14430808945
Fashion,4.4183855884934875,73.35997788464665,3.382939246190506,676.3693190242441,21.202833152298837,171933.7128599218
Fashion,1.4236474930239011,59.708261040945025,4.855790042303594,1146.3496709997532,22.883515658229875,63676.12124214452
Fashion,0.9180264893940744,61.17424939764873,2.832960566587097,547.7660394434005,21.383415027471507,11714.665405764792
Fashion,4.902887295979907,69.68109113245589,2.273764777377004,1435.30782095291,43.85599695772007,152777.88176928458
Fashion,3.5597997494318316,65.41092991725745,1.269225176610095,974.8775970417577,52.46881376942287,13713.09095431109
Fashion,1.0554932902484349,34.73838857966535,1.8262701352745463,519.244639908882,41.2165194965533,65863.62352681127
Fashion,1.2114492967111619,74.34957093120802,3.627655391962983,595.2704958901497,28.047681665558592,150749.25694885274
Fashion,4.059095331067155,30.586169925213746,4.714592378331793,1242.3263267880147,52.84072185669269,37333.17332302687
Fashion,1.1451521849602235,38.32213065352205,0.7909088883123784,409.2807922269251,17.16035777599686,145361.64921013996
Fashion,0.6360363123853963,24.994686882116035,4.748825912835566,400.3880180068129,36.87311851345009,132088.9065299211
Fashion,4.813670811718828,73.98816307469863,2.483072452339709,1430.5968735798058,31.613293739895905,137284.55593942013
Fashion,1.6682363182318707,58.19867155337259,2.921850250738995,1028.1972513050944,44.13256006668308,42956.507019406126
Fashion,1.8556826043904788,64.1744832155317,1.2372079382180707,713.0881664627411,43.32393455465464,188153.68718641798
Fashion,0.8388509305980383,50.993647945440216,0.8685740265698925,754.9583411418487,18.76932520436727,133393.30028991753
Fashion,3.910246483796122,34.840592393533015,3.7079921707373567,836.1827254280156,24.179001519453504,109446.31705047957
Fashion,2.2084256471943453,33.79977527331481,3.905801582584929,1257.0289787223635,50.015612037750174,82607.13124678197
Fashion,1.262878031342178,70.42467689044871,1.9816874441879602,1197.6801627024233,50.87252805220574,155948.97454452398
Fashion,2.2541271381086343,76.28100359535622,3.4707308756137207,990.895541185588,44.89545510375069,18498.153420424114
Fashion,2.2573173775038713,72.87302923077264,1.2248586567307136,797.2807772835956,30.262399558598542,77647.92503357465
Fashion,3.0305809798654098,79.77188297514166,1.6513198195398338,1145.94854708999,47.89974988878353,121054.71113913583
Fashion,0.9386405955553145,54.342409840717835,4.790590140526192,710.4721732664082,41.984406318971416,192285.56916079717
Fashion,4.090956265556361,61.298463781822576,4.870169954457413,504.6995463585602,48.63743942499193,87298.79579132693
Fashion,2.1219425945622694,51.24035086411762,0.6518797644985619,675.0355451140354,18.310774726170592,36351.2708892879
Fashion,2.0180322950904417,68.13586148064255,1.4049998053478092,937.6989413188916,47.43280970175775,55784.59163197253
Fashion,4.658914830900973,71.9898741998962,1.6303019528022915,1487.5656808389526,43.458554705750814,64359.00710987607
Fashion,3.5646685488750562,59.97489622419749,3.227871311304481,1154.03533329417,23.415784518762003,196007.24226201157
Fashion,4.3605309077382115,64.74448115775925,0.618372471214621,1008.4624479007488,45.324199407119025,172278.9671504978
Fashion,4.757707048050241,74.95118599650515,2.327202196172097,1375.8014255687433,10.037440460743559,76780.29018647943
Fashion,1.0124648115367714,72.98406200301214,4.675918574451134,607.2101017802684,28.365522406273165,196936.74768924757
Fashion,3.0472855867822837,49.82335060529837,2.7519594125745974,1135.4258151273393,57.727151738600696,79658.26165295084
Fashion,1.2769607576706932,31.100773529179428,0.5916156713820802,966.492595343153,56.45586094352254,145484.6101220001
Fashion,4.968340369576119,74.57164444552734,2.7133595302569087,883.8592567094378,41.41786149142841,31077.763506439103
Fashion,3.2345790820307134,47.84444118870909,3.392331920026751,978.2519619422309,25.519793014225932,125474.77677349729
Fashion,2.147064587913559,31.67726843886907,3.5378188149111423,667.6165116222962,54.45123899330181,47873.167345700596
Fashion,3.200648172946313,54.292926490955196,1.389838103605182,827.8642066374478,43.77693857713972,70520.16885309509
Fashion,1.0122379583335925,56.91444289747284,1.5085485601723225,1117.7699756035054,51.97335482920837,33437.52057546116
Fashion,2.469240959995854,46.695336160928164,3.3464116339443235,701.2895145570816,30.928457779439007,12278.336365368497
Fashion,1.0509166003246668,54.191725973300244,1.4715311013276264,473.49226775565006,26.22063839820816,41071.782037293466
Fashion,0.7683009641514633,37.03149494865052,1.23961298614498,1259.2748908018036,13.132848346533157,152014.2149856715
Fashion,2.222583563674408,60.519278560963706,0.7371024635002513,1404.844793747485,48.36878486258047,36627.18365610296
Fashion,1.4845296696231216,58.63977395836915,4.647031719324577,834.9988692074802,34.28163975109028,55182.04966391563
Fashion,2.223548940295095,37.161062169818344,2.077570173370159,324.71714970641665,12.053037233611887,139330.44144269155
Fashion,3.568078350151829,39.8138360201501,4.484580785392266,619.334539439908,29.789239098694683,148961.36861379966
Fashion,3.846056530058151,71.66994576231102,0.6307656885768309,520.5104173693901,42.02858853350305,74257.9561549167
Fashion,0.6960275191889067,55.18800043440131,2.268829393091652,736.9138302528204,23.218214234291292,11139.5996922229
Fashion,1.3206200763678209,48.4541178691163,1.7408140388951305,1349.2664151161462,17.14998310781832,176314.65453687828
Fashion,2.321716138230683,36.55041878412285,1.869313363316778,696.0849513947906,35.3281992341189,77237.63914012286
Fashion,3.412428561671844,45.510740424975864,3.522396693572181,1025.3117020219224,22.222698621463067,164426.92469151676
Fashion,4.095416604978156,79.33882802098253,1.2877256049505539,1317.4058631284224,53.599046127130755,132011.19165445032
Fashion,2.778731500022107,77.43557337014201,4.877113675443482,1070.0369476106412,27.97799289620812,165261.38485852935
Fashion,0.9016496024671532,37.43573864178718,4.934994326477826,1277.2000646483634,56.97912357845619,123010.96856329382
Fashion,2.3345260616665215,78.78140620346227,1.8924151363571964,1208.8971346907078,37.91034789501041,53416.357647748424
Fashion,0.578674793338442,43.025845430245006,2.964584267947889,519.8284811441599,30.727744293061335,126886.08682520238
Fashion,3.71715406889506,23.164551794392242,3.488813698110624,368.0007706532638,11.409274767967188,38958.284922996085
Fashion,3.441398257452044,23.1692865730674,0.5940329549250836,441.55141361706467,57.48604953552855,182382.77248617113
Fashion,0.8890968879484431,38.24079101099378,4.7628159757127,417.2252081478014,14.729799099051712,26340.7405695985
Fashion,4.894143075944042,64.58651079694596,1.4651796531168428,355.13671355580357,58.26207544557667,90842.91793434131
Fashion,3.192689247327386,36.75177400988753,3.9126214503091967,536.1628150728197,49.34559666877572,53814.57823365659
Fashion,0.9406050155786456,48.72935327184821,4.159475631030428,761.8376357546031,11.443682533464003,115128.84533667011
Fashion,3.562121250155874,64.44169672016041,2.308662294391778,416.42355779088064,39.216321723169315,72614.09819525454
Fashion,4.7609936702368385,50.16272648367966,2.625197210595404,671.0514387820281,26.939325269177395,107423.4089751833
Fashion,1.8799915789174766,73.53829306210473,2.475580695930989,650.4265008156292,17.769741677057468,137746.63799706803
Fashion,0.6160412447851282,46.99974723019642,2.9755481916525075,707.7415330563979,47.49088736375029,138375.49439920837
Fashion,4.8712954440648275,50.52600795738091,2.9201556408322236,595.0071830325867,29.274194536536026,15103.512320077754
Fashion,3.601736548689603,38.697367981012405,2.9316515435001405,605.9908756931388,41.051810016982934,95040.67366126843
Fashion,2.668372935738324,76.55642838891957,3.6777214540573704,614.2796827200888,35.19609088707127,98667.83561987588
Fashion,4.077736730952637,70.00130684577215,1.7754927023377642,1285.3817446874837,18.975070264550073,154926.40536216213
Food,1.6195304471061234,37.87586944479776,4.3361052808504725,804.0898380675565,59.5282912428148,38869.175682413814
Food,2.5850706711785754,63.94701985453617,0.5241517609032835,482.2263338316208,11.017837470549015,198646.7944227232
Food,3.9228109808966174,42.41354586479601,1.2032822061354909,408.4598913641408,36.595360027545595,195419.3504578478
Food,3.5357492509599378,41.908302095523766,2.7538293795686974,1498.6840415273423,35.93831144422252,193198.2822975076
Food,0.573627734680217,63.25778769405035,3.3222265214590245,1122.395830148786,38.52835446287264,18393.587485914606
Food,1.1730377097132165,75.33507622011288,1.5481625376520247,1491.5247231923302,43.979424219730845,94427.35312397506
Food,4.64021985396218,67.69917137704732,2.430342858132059,382.3115667208273,53.41522872672504,155357.5869580848
Food,4.058306767808216,64.69152396353333,1.740895202201373,1330.614863603205,10.111627657205437,55082.492892913004
Food,0.7095181947088807,26.635787400137602,2.8957061188287745,344.7074279292413,19.069052385018978,54220.62800425726
Food,3.4490246231174972,48.12923146689391,2.5628563537495626,1222.1190651091492,32.836070603716756,76212.8611544288
Food,4.831029705219498,20.49759856627142,1.8742685003392272,1031.2712596556676,49.14046180264027,165118.4614041272
Food,0.7073290933482761,62.54792333345527,3.7411413956231763,556.8953057475218,15.638751423504601,152440.3699621074
Food,1.6227500280677514,20.100428245020634,1.5060767160958748,337.28161057957504,22.45933433470643,73653.72064304598
Food,1.7213007179207818,75.19622403075468,1.546398263233781,861.0417873337216,57.871379692202346,177047.9033603422
Food,1.891663135397426,39.58941769744813,3.169982311292524,1401.435420905076,10.499989772790165,84692.76051518443
Food,4.323989688630007,44.62819870320655,3.7402469384897263,1130.3098828946427,20.272935481518363,95422.95582972681
Food,3.047840207657024,62.92777611464538,4.200753342087884,1211.919853403392,11.415573369261509,137421.18990431644
Food,2.7379195873505293,54.43170415121521,2.178347957356446,1156.8314575042864,43.69442560595666,120102.43147670945
Food,4.377224896651915,26.114001493498364,1.8546047416412765,894.1564982433935,57.93024056497677,23673.043393545646
Food,2.0168487049317667,75.553433223557,4.540764053521235,1338.2946848491229,25.419522800069196,170898.79815269104
Food,2.774027353531634,57.18673064254175,1.574712074573911,1148.0086667029213,26.38485521278196,75337.28096292379
Food,3.36567729242109,34.38991533044425,1.5099742546061747,742.995531115293,48.90318125296168,52689.58932199836
Food,4.042932757491439,61.736316629884996,3.5558594621156727,869.7068084560926,47.29439166796756,12568.708819737014
Food,1.8752326617443984,60.74824782942887,4.942829409193772,303.0172093011311,35.49861325168539,185528.9215170346
Food,4.385927231675032,21.388171685265284,2.8830115730780834,305.1445217003203,49.47874741161878,68686.2199969757
Food,3.9451579786187985,76.68760050221431,4.8923827436981675,1372.9334170537672,20.20717265874831,46974.03228631941
Food,3.316011947988025,52.64322093487855,0.5429057351060698,770.0728213815951,55.33455027585877,180688.21359477376
Food,1.417580978432157,42.91778414943565,3.0216470494823717,1323.3411181106694,36.59972196206741,193957.96436797662
Food,4.095734620945496,77.18551237871732,3.7917149826935446,1353.1489672350358,51.550189618892475,58229.31153081432
Food,1.5329139055442091,71.86300552740389,0.8810498188414532,790.2763256396782,51.03288851427796,164515.473049823
Food,1.124522648061213,49.26258805143256,2.6592458122630886,688.4657429270621,55.85905725321683,134092.34628108906
Food,4.910843704299667,24.00597264960553,2.274575778099193,1302.1650745185727,31.13428346060796,59756.825138231594
Food,4.9901339494269825,72.38749338213883,2.9591314758475185,974.051083495929,10.343148029382661,196388.97036779125
Food,4.128328228583712,22.20376157267773,1.293485864716204,1285.2374763569096,14.343277413598035,188939.28822681776
Food,4.999509779677814,73.18596857481754,3.8250679521088253,884.7388214025278,14.12147881736868,148784.78405001835
Food,2.285893193125489,54.213717868800465,1.8202571426373266,590.5872114176898,26.214847932320247,164627.32444860548
Food,2.4192119307180198,38.70247471775289,2.4483667877371436,338.74483913576194,54.53021414076916,114834.69624170687
Food,0.9717180220429931,37.304415916948116,4.925987369949985,1011.6689116847077,24.570244344992272,91005.67565953889
Food,1.6631365074590072,21.908255427172378,4.289135144684243,650.9743700495951,51.920536942750594,100925.84267564544
Food,1.3230258662643224,68.11212159227952,2.1970016647510753,1149.2750253679446,51.86148345143662,192967.2747053322
Food,0.8861653966380887,20.50318891042624,2.9679124168510134,617.0891542500001,33.45508948717881,23805.15055966042
Food,2.7571507100301185,27.491339190688425,4.2736449118957305,1211.384163163748,13.703678910862108,168906.5673983075
Food,1.9623132159108017,41.17158457263986,1.309116084087027,1302.3649457909737,30.23528819242124,19278.8154292596
Food,4.848123325217733,35.35323283765173,4.712797750579124,661.4860351761126,51.5713297349057,136201.70356724627
Food,4.3757754439530405,78.56707920217383,4.421676575554757,784.3981938000246,50.72517407475814,145213.65395834768
Food,0.7772165187424404,75.78560586425745,2.5968249123207405,461.3406788355071,31.268904859907302,124596.83657308073
Food,3.0782575628775932,54.48761880717818,1.6512767741828014,1059.2429393054267,55.370741688883136,83846.71984480413
Food,3.337611271790494,34.63922042043477,0.7172645908491583,1002.8776367032862,12.377490109261293,147481.07303488994
Food,3.5165871401079385,42.15950113407892,2.350805493415918,1401.3131237727598,10.656681276153137,117027.64235636848
Food,4.655125065805085,74.8392348661758,3.130950937211116,757.4759986915176,14.9451763166187,43018.998724346595
Food,3.5585300984164765,20.99804502858607,4.475685093835922,1005.5213641750602,12.257333113238207,55555.80983641018
Food,3.173904097554446,22.13607592758891,4.00994330880993,1403.9064801967238,58.061019665096865,149395.2569110998
Food,4.355714618777827,56.64244773978418,2.563446490437085,1155.7617040466487,21.209033213134752,30859.021977154545
Food,3.9283293925800438,77.49120757915213,3.0986569954761056,879.0508451974324,36.720211563609226,100908.19503311817
Food,2.489901265297572,76.82214164877277,2.658934360077118,397.3229292167743,48.27583395351182,84396.7046475038
Food,3.6981209558699764,54.7741615744644,3.7093102932013275,374.39274844281545,11.693666133391153,81922.90872171683
Food,3.619247620198734,33.420951614359645,2.450303230831574,1476.9723167675693,20.743727725867274,171109.25773655908
Food,4.214573981650385,73.4811311173393,4.618137846329542,908.7842308777587,44.096689159778784,127589.27328298193
Food,1.8902684316450062,36.78725516928244,2.037064862754911,562.1492784092306,47.869177524639774,193268.845001038
Food,4.404972838271352,33.07642424530283,0.7336196182048093,1208.51268848661,29.51069029543081,166676.39707167583
Food,4.006561084639035,57.524615119940464,1.6490270047072793,424.8429213961764,22.63241630280676,106854.34211563876
Food,4.90758339039072,23.821234412021518,1.400324003671693,1052.7353492309103,25.218219733351383,173115.816893578
Food,1.1273764417951777,77.78945141503648,4.6056870118243705,1365.0348672128655,18.653452088170802,72604.26360800242
Food,4.1184357900508735,68.46848393359676,3.6732893684320955,837.661057840502,25.579463533671856,192962.00787452815
Food,1.126680214497557,22.625243657717366,0.5410873399543752,1230.032291560426,12.835257298336973,112342.2848496633
Food,2.152815984802861,28.814473404332418,3.832679690992414,366.00819725272146,25.919691929272616,116816.3328298173
Food,2.310870755103135,35.548891919552005,4.66700452117721,1417.164466198397,30.804726980461318,84811.43918466978
Food,1.883232713690154,71.34537157474162,3.0556187869770697,407.4266554829463,52.66603515591837,111628.39129183014
Food,2.3701631184765883,40.271896618613475,0.947419656408252,1448.0425876810434,47.06217587361508,35037.73698880633
Food,2.8007096861067544,53.33451186717722,1.255499406638401,812.6658346347647,42.2873057727004,63962.00864480442
Food,1.9922402970047677,27.321708623900484,2.3595828994659027,1000.6287416499537,15.826277034965848,126809.02817865676
Food,2.2900694663876555,60.69093526344849,1.916766389825717,982.1990859499249,40.640142412990066,141196.4058377675
Food,3.906225425917847,28.181102593994478,4.843592339901249,1312.3744987845143,38.115939129930865,179168.185447888
Food,2.220948355913372,22.05719309636801,3.7716412139057436,1432.012979226432,18.092733178765116,132336.04993310373
Food,4.160415022935426,74.30402309828497,1.744374916018337,454.4805712616779,22.392505693796743,119767.11179363576
Food,4.634277154229892,54.95214867191037,4.638295853761984,1224.0444284294629,39.919473208390464,14141.716760032625
Food,1.9988409554426356,23.447573433494377,1.9500905762331278,374.80019779012895,18.390793072503122,88030.32408605769
Food,2.816981354448413,33.02850129757129,3.79659820666095,1008.4375462404237,44.58802653816389,149225.4794077485
Food,3.771141523614606,76.17403407181118,1.5674915026160017,624.1867670775218,14.710053400107533,122591.40791190958
Food,2.2783347843703945,49.77193284006577,1.264196559713629,1078.8723006856596,40.95096803197256,60309.04111708371
Food,2.594375106917333,73.65805628643679,3.9807456544660935,572.3326521159981,53.94274262498017,22789.46495009314
Food,2.362678547249355,24.807093652243765,4.658963873839198,348.842930184052,17.5620148053956,183857.5893289447
Food,3.1197094020528318,67.71127850577597,0.573830421178078,802.9140846663806,59.223281513714035,120165.62254572961
Food,4.323572548699635,77.81356861381272,3.5826822906008298,693.156554031817,25.43034671355669,23542.707496528914
Food,2.424974459027448,74.92336493731283,2.6512809196729137,1393.193892152137,50.857096661411944,196995.55152508986
Food,4.764628768514284,62.38899614317938,4.420477790941887,1197.6932419588506,45.16972573211089,145956.31980058242
Food,3.744696539110829,42.76514071169291,2.4060308722366286,652.8853910076532,17.41302878356647,97104.24606349655
Food,4.549771801725272,59.07588239706973,0.7528116187315004,1273.4399334775826,56.77007636087502,167590.2635974864
Food,3.773936363700861,29.00722374879929,2.0704995151366465,978.3442660176364,13.843038968919476,30191.34068579912
Food,4.7041426490501745,62.16147159655902,1.73789170723074,692.8323717136174,29.22146521400847,24263.545589956215
Food,3.8262964942149265,30.610040725472338,4.123040111693196,1315.0469157323203,41.921708871373205,156272.4392457935
Food,1.2732582500871952,54.55633896023821,3.5455969150075908,1093.8726970251332,15.864493882159039,75432.66787120725
Food,1.9626688466705144,54.3516123558145,3.943567079904889,984.7084394042565,47.74137193258271,28803.84337281154
Food,4.451624108902748,52.19702416185558,0.6687439721022779,1071.8556036269115,35.86735936815377,51870.218081227344
Food,3.939914563751096,76.0140950724788,1.9520755422957763,892.6988193796428,16.408749934921453,186661.94750391506
Food,1.9345822682865483,31.68708102197155,2.6529290454625496,351.9389874014169,22.641841561320245,22854.969933368055
Food,1.073170195223899,26.729453051952085,4.425889797580807,1416.5218176415535,33.7261082890073,129779.2466921356
Food,3.631558537683493,43.47879949232361,2.1659471016929954,1110.6828230684036,28.835725762261923,120391.80871453365
Food,2.81836764865156,51.467636054058886,4.23211488294403,1144.868530678436,58.034132701904646,160285.5591778001
Food,1.1560663156995308,64.30899817999057,3.495413992852109,1075.252775413618,34.03723130960018,21868.14476503742
