page,avg_scroll_depth,rage_clicks,avg_time_on_page,exit_rate
Homepage,49.56814908761873,6,87.42163935159326,66.39014169703273
Homepage,94.33161163412119,0,35.31106614315914,63.26743224325661
Homepage,59.86006219680597,1,79.76945588258205,49.90264521497444
Homepage,72.77142455162658,4,42.173380153560814,75.67282064311564
Homepage,25.745218126865762,6,8.58367061805788,28.99261333522642
Homepage,36.36598078560533,0,46.281599414005996,47.73623036447557
Homepage,79.7579645427384,8,35.11281111196763,76.73255123264492
Homepage,28.305246838281526,9,10.467975021333801,54.88504931645173
Homepage,24.83282191645192,6,47.17239757623796,41.64535994753844
Homepage,31.773379634799213,8,26.044737409241367,40.711604525728845
Homepage,79.96702371816717,7,14.308230445537127,55.99320300421124
Homepage,30.16329518711292,3,89.93323555256258,43.55466024510833
Homepage,54.030631932072616,4,86.48940529917691,12.303755786845748
Homepage,42.21307359512018,2,7.1075093826978435,48.167741238337925
Homepage,74.5869251880458,6,112.72205935762229,26.610599389660575
Homepage,34.20923398362325,1,73.4108560849311,45.70688335723649
Homepage,20.326489362069836,2,87.42335000836681,71.34142207667557
Homepage,40.416410062983175,4,112.03503058167746,50.49582546866118
Homepage,33.42213628512508,2,66.72264215171509,11.684692685032376
Homepage,39.0215126850492,4,65.46571700658785,72.25030154503689
Homepage,44.73708720686595,8,59.7372363958708,28.888632337251437
Homepage,73.64219673322236,4,84.46202738242985,72.08537507964425
Homepage,53.97680102009048,9,71.53882642798122,57.27715469718943
Homepage,66.86278952720237,3,76.97460260576733,59.03548969752162
Homepage,38.98133024160701,3,114.28732198123643,42.56675206259552
Homepage,72.5800387332408,9,28.219088859246945,65.60403407898065
Homepage,46.91587160281466,2,12.026839995959412,69.11894629985122
Homepage,70.5485954237413,5,43.316062882043084,76.15963445717621
Homepage,80.33999711333283,6,21.98875517281604,66.67566324493163
Homepage,81.74074566354768,6,101.53922736715639,62.1599083894335
Homepage,24.415745226155913,2,53.936139152101575,38.94617980650192
Homepage,53.21437321845643,3,107.58294043844694,70.84280047863572
Homepage,94.84319913427147,7,87.31925089945672,61.59748862823123
Homepage,79.5496483151962,3,108.63900462178543,68.15549059873518
Homepage,90.38498469633224,3,87.38137535676209,73.05562901840085
Homepage,29.657115775698017,3,74.86001536785858,36.63111162361729
Homepage,24.238596829104672,0,48.073360791379216,29.794726392212045
Homepage,57.406365581822634,8,109.85407290777643,67.7805840923499
Homepage,53.794784682769986,2,45.148716066588975,63.765698493047594
Homepage,49.19448396808265,4,116.67713346194677,50.17422107717052
Homepage,29.58543820964097,3,67.90950151637543,47.30199456486088
Homepage,22.662752653897428,4,39.891179588945235,31.981313460565552
Homepage,56.93529669741765,7,71.72241387351735,19.64498644725678
Homepage,23.129359464012747,1,76.61753711912168,17.828786338912867
Homepage,43.49958741134867,2,27.21801466001504,12.211841087230834
Homepage,83.92283947312129,1,10.349627079682897,46.38847570085944
Homepage,38.59227295631567,5,46.76699333072591,70.07851839582227
Homepage,81.85114131250376,7,105.2701087072432,78.08394189774933
Homepage,77.24349301356298,1,117.69060665386897,38.45973024304976
Homepage,58.800740439440986,6,119.4192484040233,42.71510792332433
Homepage,74.27595260696057,7,95.62403026724117,61.17755725027168
Homepage,37.82433586453536,4,22.09209171018699,12.93551125525714
Homepage,24.73017164480982,7,31.18535204396998,72.71363971120437
Homepage,45.61634238913288,7,18.15837821794261,68.39601763582783
Homepage,57.222281873021124,8,87.96854404121012,32.88708941891235
Homepage,67.21692919963598,2,7.026300313917107,41.19850220381567
Homepage,88.0875821593578,7,27.535034430596653,74.8229922372975
Homepage,27.908647906347063,0,6.509044439587853,32.10497684079152
Homepage,78.48819357644877,5,91.51955689601672,61.90079664309884
Homepage,23.00454224454372,1,78.70032340706196,77.46453954914125
Homepage,92.49669576198227,3,72.83181986714511,19.89501624218651
Homepage,24.984239446785054,3,84.3364312460262,49.743278560840885
Homepage,52.22426916395015,9,36.78362471132844,36.41000070598679
Homepage,69.51409981233938,5,96.59400720799901,74.359492119629
Homepage,24.458156621818734,0,118.66088131740759,51.946720092779856
Homepage,58.51830515955971,2,70.03092258342954,40.733028232861706
Homepage,29.55822916775923,9,30.921243198412025,26.82259379443068
Homepage,63.103190215068146,8,54.562185348186865,19.691769755990375
Homepage,92.7916464856624,9,107.42364442227097,53.58049431549091
Homepage,94.26488678467679,4,45.81617616188249,23.476191553783213
Homepage,81.42225260206072,2,68.28869724262327,65.02912957235273
Homepage,41.19917395680085,1,81.85327940583541,65.96901640394302
Homepage,37.06715227398994,2,42.50721746872658,52.95089293991136
Homepage,23.911792313999694,4,85.70179880972731,35.764879365210916
Homepage,70.35005233272543,8,15.762314223137349,37.99065241256159
Homepage,35.70110869758887,1,46.91016814863509,20.292100645060223
Homepage,46.22012993032149,5,118.0872694419687,11.784397232083721
Homepage,71.75151029864614,2,87.42583403465892,30.978848196600314
Homepage,32.47720432337914,1,41.21459796557237,51.48746461396218
Homepage,46.88016790203625,6,94.37151038009277,74.8544551457109
Homepage,81.17157730816183,1,16.32923344888139,49.24597974504773
Homepage,28.991440311800318,8,114.96298505165646,60.59979257727479
Homepage,82.12122838761854,1,100.57114570319389,16.922358798762186
Homepage,30.85497000035542,8,87.73151904465455,49.19381803713224
Homepage,94.48783123955329,7,14.225793557118447,75.76035360273312
Homepage,61.14042440533916,7,64.13924209212713,16.27747796615661
Homepage,68.20501589527282,4,24.825186115906114,45.87070721416116
Homepage,77.9661040281294,2,83.78019520649124,57.00734703382402
Homepage,31.178165688140563,2,33.102031498662456,61.78374514254467
Homepage,91.29828387084565,3,35.37269487059372,16.13876964136165
Homepage,55.667755756524016,5,15.329225648023428,38.28046361561418
Homepage,81.56238427810682,5,30.597256274024538,12.807745296700617
Homepage,61.50486464650647,8,47.76826891611824,42.273733136903175
Homepage,82.59289676532104,9,11.813572025968668,77.03230597813196
Homepage,31.083810010873833,2,68.42623627301828,66.83066340630474
Homepage,59.87468546483595,5,32.91635020274606,15.96748192474511
Homepage,60.09595057223234,9,88.64565446373534,43.54696625275314
Homepage,41.55349364416763,6,56.53504888559829,32.7222242412152
Homepage,28.194958351617302,7,50.42212494761948,55.51254555527871
Homepage,76.89616130381452,9,96.71417435462983,33.72480018787967
Homepage,39.208029534534205,0,89.76926837354063,72.12564827398424
Homepage,37.298635563896696,1,16.98796787174941,57.52048623598595
Homepage,78.43234548448775,2,46.84076168086432,40.24298994685334
Homepage,49.13058754039639,6,28.93002970776268,36.893240643778604
Homepage,60.80092185223324,7,58.841148043308216,66.70886445083714
Homepage,77.57045145936738,7,103.259379479899,62.57626713096701
Homepage,78.39363865404825,5,35.64369823905831,28.73537136567944
Homepage,86.67141917679801,6,111.55273726509715,14.419111222711715
Homepage,67.08178079461975,2,113.94466383716596,17.027714333700274
Homepage,45.22550921593523,0,6.3993597189338125,54.1167168668033
Homepage,46.926696251756454,8,74.99731974397855,12.776578678385066
Homepage,28.52419767996007,8,87.31558507982383,20.74479012779936
Homepage,24.418149579924954,0,86.66973485134515,54.52012627922724
Homepage,90.9647212961424,8,40.17062584861749,75.19139519458214
Homepage,36.43998525420534,0,81.17273680556863,55.417811355042986
Homepage,24.37971680443654,8,16.43929724074267,56.134353707771815
Homepage,62.41426477861792,9,92.63442328974362,46.71632598590667
Homepage,20.98720785739232,4,62.41759113375111,31.839903008642864
Homepage,89.1145142298155,4,30.749435127228146,42.04245571675395
Homepage,28.605197094568602,2,34.81124243272005,31.639400457755784
Homepage,71.57604058849265,1,6.099596977804998,65.85627396246957
Homepage,62.8586424311059,0,72.78597036948864,13.876539390357054
Homepage,23.798399483279475,2,40.33285883620103,36.03684704163898
Homepage,26.177558536473178,3,73.1305367590775,15.853936422595844
Homepage,80.33971997937505,0,109.59843293913664,25.20951451369955
Homepage,82.32550917423309,5,29.25540395617818,63.476887121709645
Homepage,73.00206230124486,7,106.75877309558396,27.30041485594564
Homepage,87.83036779283363,2,73.8278926159432,36.187401612155384
Homepage,48.121078792899795,8,43.746797354414106,65.64506622057115
Homepage,32.276771292785234,3,93.045527662549,61.78564948605011
Homepage,20.729822011664226,8,74.77598438743603,41.69254563006251
Homepage,78.34895890403804,5,92.9591285265553,22.839919092871945
Homepage,70.53011956179886,8,42.25172938006353,73.02881466620327
Homepage,57.90656948947959,4,108.09844703782612,12.242608673880973
Homepage,22.101413845460783,3,81.3270240398223,14.370399881960754
Homepage,85.3349090811626,2,30.916678911837238,56.29448880581441
Homepage,55.156329532581054,9,84.802999718024,70.19571227134396
Homepage,48.534816736572,7,35.47417099036221,32.09295382148545
Homepage,89.0246432470279,8,17.494609600287006,36.09439320525007
Homepage,38.202079884180094,1,111.91150562455154,52.04995505913122
Homepage,67.58892158046851,3,109.11535376760925,50.33297887550907
Homepage,62.46433155480552,3,71.22970375300058,37.779602923930476
Homepage,94.30216744243853,9,91.20242335883378,47.614191188910034
Homepage,54.65448514209727,1,39.49722640335417,18.869129152426538
Homepage,28.50005640857794,4,119.72593614466325,56.633656886102976
Homepage,39.67611125500818,5,65.48506641582468,14.55275095454923
Homepage,49.94981246953904,1,116.28116171797568,39.79574134709236
Homepage,35.016795530547995,3,90.58294535897089,70.17927217433207
Homepage,36.10390456571691,0,68.04482972531588,47.76525133150042
Homepage,26.617574396422583,3,67.76437262086782,42.3386577966487
Homepage,87.55865001413191,3,99.5204987677076,36.2708652761184
Homepage,73.79743637656507,5,22.178640043350036,38.13086609544742
Homepage,75.69448884816725,0,43.15441353553443,42.25195520828201
Homepage,91.66106710856225,8,98.55781069980678,56.0406733752793
Homepage,81.12703281881411,0,64.68447748969896,57.075795850818416
Homepage,23.324918810171106,5,21.6740848303111,38.31614861764239
Homepage,90.0358456257476,6,102.03600461364758,67.27872977117133
Homepage,93.97472409135048,7,89.0800775309087,64.59410453737868
Homepage,92.23682751920767,1,68.00861005351754,59.51414714337393
Homepage,40.39131839471642,4,58.28910087462677,40.63566553070956
Homepage,84.16006468370792,9,106.42567920066487,69.64488864799898
Homepage,57.97746901713418,5,46.60784732408137,79.5921654177214
Homepage,28.337699956538092,1,115.06147409523564,27.10211243780777
Homepage,87.88247159507321,2,18.433416433394108,36.16134617820272
Homepage,30.413123191098894,6,91.20643288981894,63.02757507580605
Homepage,68.91923883301581,6,65.34386494939528,70.68604471593083
Homepage,67.00770963183555,5,36.957855751686225,45.14403528316227
Homepage,64.04878791010256,8,80.46684471376766,69.40036951770603
Homepage,42.160275716563504,3,100.34289431485044,63.27051031301398
Homepage,33.97301886307054,3,48.80202205389005,34.826392623547136
Homepage,24.532300786447827,4,23.122887047993892,26.553879014592795
Homepage,47.440377736173176,6,67.9956585158501,32.76577103720316
Homepage,26.720529529431587,1,85.4009654155919,29.550124705591596
Homepage,45.05591716503632,6,72.16493950618437,59.24242150029994
Homepage,49.0523627727185,4,57.315419583848076,10.630234494639883
Homepage,49.67003561418862,0,66.02913622218104,74.60494356217778
Homepage,35.57975616513336,4,51.44701849221454,64.19555338092093
Homepage,65.44317074099723,3,109.993321739566,36.398194492017616
Homepage,36.49851536736361,3,76.76327027487358,40.73662351003128
Homepage,56.495753276703674,8,23.627157764575287,68.61714711593183
Homepage,79.76090890101906,6,117.19131296008928,60.85258876554719
Homepage,88.62838446084899,8,42.1818119310937,40.75214155003569
Homepage,44.29039625154249,2,68.34387742683111,53.91905778892067
Homepage,56.08488581205988,9,102.81906305467902,66.2396498368714
Homepage,56.60626078978585,9,91.22083124226533,73.92583596940415
Homepage,22.228122901006447,7,63.34450621705487,19.929487534346947
Homepage,71.87221179490992,5,86.7451341450103,61.2229226111
Homepage,33.279327258692774,4,76.72802646710609,68.74209673572079
Homepage,76.9371860872536,2,115.52930621294749,23.411646477909613
Homepage,90.75347892460633,3,9.138113563998656,12.076007191775382
Homepage,65.4127359428112,0,75.28877646369224,79.83910792659668
Homepage,93.13943083036449,2,103.9827661593603,72.24579214594256
Homepage,42.80559416235135,0,92.71703439333153,18.43675015584265
Homepage,77.2073608340871,6,96.74864709360187,22.3498687621681
Homepage,74.1243912113118,2,37.58377101666069,77.68920420051462
Homepage,77.54025379667632,4,88.3010475054311,19.920064577330074
Homepage,55.079920333585285,7,8.30864396873709,10.000650718290933
Homepage,39.21819719421858,5,58.398510465194335,37.847091658558114
Homepage,84.64324612282846,6,34.82706943426191,62.03208455586899
Homepage,46.982259627254486,5,103.01551543715338,47.50318596629523
Category_Books,45.19666555462193,6,35.49653257368546,72.4063171274504
Category_Books,25.357073504970185,2,99.85617187268218,58.978629067015554
Category_Books,92.553949074777,7,115.00317576460522,78.84402379341215
Category_Books,35.155287572461944,6,6.890146662217624,27.591907110781058
Category_Books,89.13164337701697,7,96.86780292307296,78.72457222945926
Category_Books,80.49089184681537,1,38.100949134673854,12.1436927566434
Category_Books,27.058097655316956,8,33.151662147858985,10.195606867426926
Category_Books,88.39701264834036,1,56.16783527091318,60.80155570063265
Category_Books,44.99987998364644,5,36.88087585351646,74.14890426702993
Category_Books,49.0951306759152,1,91.82136083259412,74.88372785149986
Category_Books,75.79954255094634,4,69.61233309270828,73.81224625017363
Category_Books,53.682329411186956,9,24.389782723294143,63.01392464707859
Category_Books,23.79581305678801,0,114.51150535729903,52.87792413947669
Category_Books,27.78611848418687,8,30.002935939354522,25.657264843845724
Category_Books,40.63075888534422,2,109.2946996604024,51.33748077774179
Category_Books,75.36955105617808,0,41.26006352288536,28.72117900767882
Category_Books,91.21962464659032,8,86.31094857212064,12.992747642450512
Category_Books,34.82630642706789,0,73.40549339628348,64.91230268253653
Category_Books,76.18287210498109,3,110.42826280669175,15.706021653151144
Category_Books,82.24007916085219,7,104.57690043391935,16.250037607179138
Category_Books,81.70768261305017,4,27.135288293598492,16.98065200462481
Category_Books,75.75209378659432,9,56.25847682242401,67.28368349441293
Category_Books,78.02523285237874,2,22.44440164296731,37.2484424087239
Category_Books,86.24512604096635,7,89.68482585575514,77.74510343534145
Category_Books,28.616231830909168,7,19.58102389851296,15.623585449955534
Category_Books,34.313699979768856,9,63.88902220283309,68.15326067692587
Category_Books,52.04612810954958,7,105.28725295586352,54.002344824426295
Category_Books,74.77772443909667,5,11.455132622423317,67.08797061933052
Category_Books,66.51725394010671,4,71.04231088614098,72.79019560643982
Category_Books,86.15697340617454,5,14.828592640991962,28.32530007718952
Category_Books,29.44833956143762,8,17.206635074460063,76.77341995990997
Category_Books,40.89220350873016,3,108.34035787793557,57.41251115730321
Category_Books,66.35281104213308,8,47.62625281002044,28.516135300970436
Category_Books,24.9865102261154,8,107.35083658981664,47.47782691978338
Category_Books,40.79681422013176,8,43.19230632684659,56.838447849673265
Category_Books,39.40064302096207,6,22.43500820331097,27.150606333520535
Category_Books,77.97016152398797,6,69.82182518572935,55.285761435644694
Category_Books,85.2212748837402,2,69.41209221229548,73.04755709140122
Category_Books,22.327327440870906,7,89.09394060522075,57.26045936142821
Category_Books,38.22930804535309,3,49.26113800169624,64.79143889499194
Category_Books,32.04605198519028,2,33.99116248810719,76.34959019738926
Category_Books,60.36651660208313,4,71.62681599255293,14.104009029580876
Category_Books,31.225812917783657,7,26.44756709155245,26.4860116089664
Category_Books,79.47366767936282,0,25.56583654366053,48.62438568185595
Category_Books,50.20644188680168,0,93.85690450937953,44.22964164751338
Category_Books,43.24798567751368,8,17.073893139390535,79.35127054630436
Category_Books,42.31471650466167,1,30.33304643320082,51.67368850556465
Category_Books,87.90548486438206,1,29.23819725381207,64.05046612145334
Category_Books,33.266220511958856,4,89.44561165998954,75.83414158784748
Category_Books,26.98219989072628,9,12.378154123443977,71.01962376281104
Category_Books,58.52560941625143,0,39.572094251944584,56.70817521876444
Category_Books,68.38133776473722,2,92.55108407201317,67.4981500460785
Category_Books,70.3886833914892,2,61.4694240313841,74.53065048605183
Category_Books,56.039850736880624,8,18.379125673072213,76.40081977431008
Category_Books,36.017225634340704,9,33.371121836628284,40.15460656997715
Category_Books,69.12110840736081,0,119.9852154015254,55.09246631185641
Category_Books,72.06986975469601,9,70.07732194487973,17.404025546511328
Category_Books,52.69618628263417,2,40.40427846885372,73.02184987634435
Category_Books,63.09000504160941,8,10.363766856468272,27.53511178192923
Category_Books,46.53036895849275,9,91.86962889013537,19.688350200691925
Category_Books,81.26800325709385,4,5.49164824940985,46.384494043658385
Category_Books,49.675361910262225,1,30.169876617897888,63.268149517215726
Category_Books,74.07164828627543,1,102.37884688295041,73.61466602478212
Category_Books,88.44719835323583,5,15.943848509224727,38.742284700423866
Category_Books,90.66099522996466,2,27.89676339578994,54.78506401366057
Category_Books,68.32842848134203,6,32.430655521507944,42.34152487721688
Category_Books,34.11570323407591,5,64.70779052892291,19.412728697438865
Category_Books,58.79388690789826,9,49.716199460450994,69.56515792032687
Category_Books,67.74718388337865,7,79.71126379899567,23.394133389131085
Category_Books,50.8941970920622,4,7.5318533017186375,24.832057761497026
Category_Books,60.22790177930943,3,118.68400955700997,63.3014594565189
Category_Books,26.038625734948287,6,85.99027798433977,35.05774778917659
Category_Books,86.08775663556307,7,110.34863059967395,44.998612324996245
Category_Books,70.21031741087043,6,41.93098964558608,27.287819357914856
Category_Books,50.675517387005044,1,116.02605849089527,18.722817352456666
Category_Books,56.01554057910772,7,6.737356242586004,72.87911455770889
Category_Books,59.52829976215108,4,11.889040615386833,25.922067733104445
Category_Books,39.45349964158855,3,102.44436746336245,37.35603874220737
Category_Books,61.456387492634455,1,12.473879938958369,15.564422384688122
Category_Books,77.0035404470733,7,88.51082903000176,57.76009852345883
Category_Books,30.152184632019335,4,25.06869627495,54.10349314259107
Category_Books,68.29756994401417,4,118.3510101075325,14.491635267775944
Category_Books,65.59040082436388,1,23.80844680213884,61.59590507112905
Category_Books,88.72361558608898,7,44.77000883535311,57.40014561304142
Category_Books,35.35187559663428,3,64.35297775940865,28.421306760204168
Category_Books,69.72716603327456,3,43.39062522573828,32.945024841322976
Category_Books,50.04912513297738,3,90.30122757008665,35.42760129850241
Category_Books,36.837101630181564,7,86.44253286684169,33.1229382556588
Category_Books,33.51752388638459,6,74.88796149012646,78.70525825122537
Category_Books,90.9737709210243,4,52.01331242511626,32.22906977337793
Category_Books,31.14088636324857,1,117.7702881441995,12.755157348913118
Category_Books,62.52408743295128,0,34.136259954702794,25.75853559469997
Category_Books,24.525912905141077,5,101.96611706559538,72.8788754743691
Category_Books,53.595650846178955,5,116.51110225656807,55.92321086421635
Category_Books,58.66014267620063,5,80.68137175286287,35.49175040178989
Category_Books,72.68706219968672,7,44.119659294676296,42.73606869316287
Category_Books,52.18790208192965,9,50.1886679811537,76.8823500540145
Category_Books,52.86569608334087,2,23.99111127955151,79.37999416201959
Category_Books,54.7703241718165,9,110.75555166662146,47.0466835603977
Category_Books,72.88077214469843,3,32.081855508319606,21.862660963617067
Category_Books,25.138010419325447,0,20.864366203861056,25.567032333782187
Category_Books,63.285112615194315,3,40.027618565075414,56.76427887801029
Category_Books,91.55851690554037,3,93.68190317249028,40.26365609313801
Category_Books,89.45320759445356,3,57.85534225396446,30.090012535527894
Category_Books,46.55979772607714,5,117.87844986048037,53.73599454509238
Category_Books,57.5529192870414,7,100.03178442800186,48.276429066013954
Category_Books,43.804218022495434,9,36.738048872186944,22.60349299767498
Category_Books,61.74544236352201,5,13.857585955971775,65.212463530089
Category_Books,81.76072819911599,0,101.49288617303354,60.364122925032845
Category_Books,87.2700965381687,3,56.20709843628313,78.82964218026217
Category_Books,42.2226533839463,7,88.41714153718607,73.87071688823981
Category_Books,50.93616494519573,3,40.074484604808866,53.254277978659374
Category_Books,40.68096954387773,9,109.89562872116609,71.82436413114235
Category_Books,92.8098611954504,0,43.30840415720159,10.732800132155184
Category_Books,93.62492374474293,3,38.289014197341665,72.31094538013761
Category_Books,32.972714345230635,4,65.12035930091298,60.089874483115054
Category_Books,28.26833650104249,0,82.33519420198827,68.50832826368881
Category_Books,33.817184770398796,1,82.5783371095925,14.965635626582362
Category_Books,64.65183348604805,0,19.071955308092793,66.148151301403
Category_Books,78.8071025434886,3,99.44855525422271,54.721488392456926
Category_Books,91.23198460346411,0,89.78601355945601,73.13916660052092
Category_Books,37.7302969214836,5,26.21610587390574,35.98644541318836
Category_Books,59.1682438675163,7,58.64646043874536,72.6590637044954
Category_Books,48.84378446451636,1,74.96637117653577,62.70996328035349
Category_Books,75.09656452333674,4,70.98058789262744,23.310770403882735
Category_Books,70.7780513860788,4,69.5912837484426,61.220373197578574
Category_Books,82.34997377062348,5,69.84933039269013,36.16384783688913
Category_Books,30.340866442396063,1,24.574683011430555,11.555444766395684
Category_Books,45.273734183093794,3,103.32626603542913,65.79180203396851
Category_Books,78.08214364323808,4,65.54966791219763,13.79878595127058
Category_Books,61.315443413546845,2,9.07318192729933,62.21418565989894
Category_Books,68.20595259752096,5,98.3285870279493,47.351225756621076
Category_Books,45.209115187598655,7,46.15827983774951,53.82311293260016
Category_Books,31.90822147154467,8,119.07498264236249,62.71604761089305
Category_Books,92.1478902330553,3,23.924730811279346,45.214792443518164
Category_Books,57.10012116705075,1,73.7835560315866,62.8048354783984
Category_Books,73.53564872575842,1,114.17269453272783,12.271232164300711
Category_Books,93.14758849249642,6,65.44342383026296,19.726215515992386
Category_Books,88.6018193531174,2,30.379468776491365,55.39945913549658
Category_Books,21.94444207244681,8,114.36994183471575,56.348640844470154
Category_Books,58.45022398820016,4,114.62678493955394,52.886287300639935
Category_Books,80.06650778593846,6,21.40828987033657,19.804760384761465
Category_Books,73.71036332857301,9,46.0626059566302,70.0332249837795
Category_Books,22.84628646956611,8,79.73574336162476,57.896745862180644
Category_Books,61.51937067340327,7,21.730504703914917,74.05390108433082
Category_Books,86.15378877244743,5,29.24394556467373,16.95282970281391
Category_Books,37.5569477124554,2,61.867782301531044,79.39654529138069
Category_Books,23.28852640332224,4,101.01056822093418,39.33813520881873
Category_Books,51.60990863369818,4,52.90146820387068,32.85958184711939
Category_Books,41.475458191609235,3,116.03145792034525,51.943796371477575
Category_Books,67.67383033692042,0,93.55452130344418,54.45357491417424
Category_Books,37.78957633504516,5,32.01675027843643,78.59799027263351
Category_Books,47.238237561207185,6,88.40786350801892,15.828961691565182
Category_Books,67.57151859657858,9,35.104870509590086,58.51862485236952
Category_Books,49.99314724703305,0,119.67218557218919,28.156696138587336
Category_Books,75.1592938756566,3,100.5538453980815,77.40337961346717
Category_Books,90.13157600306934,8,73.47738051140222,67.74536863485562
Category_Books,60.90087380011586,8,43.8181135065374,36.70771897314826
Category_Books,92.97011093777768,9,99.93717952334578,22.400152375044776
Category_Books,24.170488564009283,7,70.1188498052808,18.998611850231455
Category_Books,48.99069973805609,1,78.37124279669723,29.769908643987236
Category_Books,84.9570598524031,8,13.69418272288809,30.047760489930493
Category_Books,26.6069638033915,8,82.82823624441869,61.538393744434806
Category_Books,38.211639125842524,0,116.66835009318646,45.69143583322846
Category_Books,67.9032936322156,0,54.66509480543397,52.04400658024218
Category_Books,20.554889614428465,7,97.15091045837937,65.04547556216892
Category_Books,34.328387049147146,7,27.959522205853425,50.83243347706396
Category_Books,70.80760133347255,4,8.512327487219912,16.386967587960463
Category_Books,25.777002227842363,4,93.07613771023348,26.090804406135845
Category_Books,41.80259455199144,8,108.14099781044398,32.600196091861676
Category_Books,26.611598318922436,6,38.708581872249106,50.7242541844438
Category_Books,85.76687583622446,3,44.06277893275191,36.593363203275835
Category_Books,91.85851466744894,8,95.67131999119482,66.9298949217374
Category_Books,36.59217963314873,2,90.39556273538244,33.16383199748622
Category_Books,74.16106390570974,7,66.50049067480823,64.41611904473842
Category_Books,63.57787431284326,0,22.29184738861962,65.9231620374306
Category_Books,62.10847877677192,6,5.547289608039077,62.4431963324838
Category_Books,23.863669493833648,5,56.171165524535176,45.53619975158617
Category_Books,51.18157907567014,2,104.07162366764189,73.19880899168611
Category_Books,86.86799607790579,6,75.18539487711102,79.71346482704396
Category_Books,64.66630259243644,8,45.286515475317785,36.029451189277125
Category_Books,74.30573163428025,9,79.68297496896707,26.99806809353385
Category_Books,54.560959848151555,2,36.22440643930321,20.275563160587403
Category_Books,41.884598504279396,9,104.68013446290978,28.377498684714684
Category_Books,32.925195910110546,3,53.59133581177233,29.895809544627973
Category_Books,87.80809290932268,3,115.38399620620191,44.42845035139568
Category_Books,59.75184776187127,2,105.78697618664043,18.739603490329905
Category_Books,57.03415776923061,9,95.24215952257559,68.42031054964671
Category_Books,40.742773657122484,3,82.02685369408077,75.6830845003563
Category_Books,26.43433161965274,9,46.83257882289961,71.12481617854007
Category_Books,32.79743427975332,6,64.09904194321237,50.67759651889538
Category_Books,32.220232922678456,7,49.53068008307052,23.19654777759267
Category_Books,36.710040305636014,3,65.00524817221189,23.446835164094686
Category_Books,39.95658019017122,8,97.90104070063516,57.11663425566495
Category_Books,23.065548311422486,9,69.9437890458844,26.928449646812584
Category_Books,25.917745443843664,4,104.60326849590841,14.18168840118827
Category_Books,74.43267617542705,7,93.8873571413719,60.14060313407868
Category_Books,65.81957170910216,3,103.08919874904882,59.60829021002175
Category_Books,86.71663358765049,2,51.102731600662054,38.37461295378651
Category_Books,27.35707746807361,1,47.731941423775844,12.260555504724383
Category_Electronics,53.44159665664675,4,13.588134773921608,20.658209107831368
Category_Electronics,23.364375213903937,9,104.66554626332425,33.760954401616914
Category_Electronics,29.276887405053444,1,119.77235920436013,19.711653785874432
Category_Electronics,34.34941270178426,4,116.76241124229068,22.5143401285341
Category_Electronics,58.34105505943729,1,117.87491667627381,67.02884922840107
Category_Electronics,43.608786185960795,4,28.989638484009753,34.02356589103533
Category_Electronics,59.738435250460135,9,53.170126158295425,55.95731489321013
Category_Electronics,32.41648848310204,9,43.15084654332219,75.21223258250926
Category_Electronics,85.36357179339919,1,97.49374833436812,72.25363284150137
Category_Electronics,92.70976471593741,8,18.73137170904215,31.710654861106843
Category_Electronics,52.57219865879014,1,83.33271831800131,57.76843133687224
Category_Electronics,83.3938846817886,0,30.32839814960776,56.587380011900976
Category_Electronics,87.13593026184259,5,30.27377048545701,58.444723898983625
Category_Electronics,35.121492410794644,3,90.24233517077725,52.49405947539832
Category_Electronics,41.86002680730028,0,93.8526096825763,77.19546776514102
Category_Electronics,24.276315801390407,3,44.5646906906937,71.22056614711397
Category_Electronics,23.75802724549763,2,16.095432269544375,14.886888359383587
Category_Electronics,32.01901954518282,4,30.19268451385394,74.82929871412637
Category_Electronics,62.87822389688486,2,5.038291306787414,17.99719415543842
Category_Electronics,48.13963938259091,9,75.20468380567306,39.40896552969327
Category_Electronics,86.41993211373764,9,87.20627776272156,19.288202827809215
Category_Electronics,75.34689289319991,3,56.13675914645237,75.21043571130036
Category_Electronics,57.16542596406509,2,80.90759018785248,78.49591942251186
Category_Electronics,91.38562910519317,1,45.4062866481548,18.305909129657294
Category_Electronics,31.01428614801517,4,60.133510922966224,28.286893162413637
Category_Electronics,30.28249600991247,1,88.30171125477013,15.792325272290999
Category_Electronics,64.33240994539945,4,28.48770985353859,60.38446887757289
Category_Electronics,41.68259403938228,5,94.14141786521395,23.512711890564425
Category_Electronics,62.175224554383355,9,16.952842697726474,13.53777457632387
Category_Electronics,84.38382941423532,7,61.360429489651565,62.574933519360734
Category_Electronics,58.647157822358416,6,43.288141448552004,23.42596902196145
Category_Electronics,73.66666218463214,5,70.77907371027143,62.75097512996466
Category_Electronics,76.40332526619703,7,108.12740548614694,49.29951745988417
Category_Electronics,60.33737833793105,8,59.45348759022242,79.85284969279519
Category_Electronics,52.324500655112715,1,28.7242972831477,42.77791361744505
Category_Electronics,78.47313668122914,7,85.53514311616475,79.87762531303792
Category_Electronics,46.895828921087805,3,84.28234646950897,51.87770513619364
Category_Electronics,23.973409497694767,4,7.387870318313013,35.958385921579264
Category_Electronics,75.9350786574508,0,60.33566079790213,74.29796345694322
Category_Electronics,51.42912879418169,8,23.760055222903706,41.99107584907372
Category_Electronics,80.05080767976122,5,98.08606504604298,23.027039335746906
Category_Electronics,41.7319701521492,7,27.04437775562828,74.52219745543988
Category_Electronics,62.408692642586296,6,78.14494562536228,79.86336152093016
Category_Electronics,54.2232600828992,4,46.41608460035072,35.31399215381839
Category_Electronics,40.682765803792755,1,51.63540046766351,25.905448586993735
Category_Electronics,38.32177209028734,7,66.03730537636986,43.84283450263458
Category_Electronics,71.7109695296448,0,108.54343882130708,38.5670453931944
Category_Electronics,80.51510325671313,1,21.809015688361285,30.800452308229413
Category_Electronics,56.177106234855465,2,118.93156254961943,52.86448894025025
Category_Electronics,47.554338621723446,6,56.60518634746321,70.41181727841231
Category_Electronics,85.20943271303032,6,94.60581573677696,44.26266597268577
Category_Electronics,86.36710779510446,5,59.791259673790286,18.74183192684523
Category_Electronics,32.78731413409207,1,104.80978015001504,57.17289765025041
Category_Electronics,69.81634792091617,5,38.3612063775694,33.19159880263767
Category_Electronics,20.24699216479136,5,66.78401128038395,11.300623383856943
Category_Electronics,91.51676050400738,0,101.08675055870992,57.83237028588918
Category_Electronics,56.30881482512373,5,62.848390291620575,41.937011809240616
Category_Electronics,50.76537539626493,7,48.774306870207596,14.456433326870531
Category_Electronics,24.93783066232269,5,116.77850467750224,76.18743501818507
Category_Electronics,48.02082088052618,8,79.34387984962818,58.09619304725929
Category_Electronics,39.140159301169845,1,83.75985910308745,42.662953596148796
Category_Electronics,45.253744796007126,5,117.45241504272654,39.878898655828465
Category_Electronics,49.38013222138407,6,100.36152238968845,52.000312795649684
Category_Electronics,65.78919168302643,1,57.60767478785781,79.26792299840575
Category_Electronics,76.22513765789677,3,7.793660890974733,67.71325323711514
Category_Electronics,88.71866024619762,4,58.58519693478419,58.03253829074704
Category_Electronics,44.68908549858859,2,104.36610934094243,33.02339582910798
Category_Electronics,92.33275498812513,7,81.58195359037818,44.89682869024786
Category_Electronics,55.08423278544062,8,55.257768751347385,37.50246070818254
Category_Electronics,57.476795216459024,6,60.95833018100832,51.59722037452832
Category_Electronics,38.8288493329449,0,52.557160115501205,36.15880188153561
Category_Electronics,60.240183021928274,4,101.55459331202204,18.3282961602903
Category_Electronics,28.454789909714677,9,86.55075402933394,77.96945039666699
Category_Electronics,67.68025836914518,3,46.208098815303565,33.01335113997338
Category_Electronics,26.87238140727869,4,118.10171866697411,39.23236731116778
Category_Electronics,35.90325216447197,2,41.85789027247987,39.83024857963513
Category_Electronics,45.634107911091945,8,108.15075899672094,30.41097614585367
Category_Electronics,44.50427623584487,5,61.589496035402576,27.907386223505423
Category_Electronics,24.21128405183884,6,106.17929732112701,74.8858436184076
Category_Electronics,21.83234819807661,8,86.65261412252123,46.42745581950736
Category_Electronics,49.2145706279415,9,74.87836938867517,41.726226087500024
Category_Electronics,62.92020142563331,2,68.56116310873092,50.49134290968875
Category_Electronics,51.9926753533652,3,108.33706574689178,41.513287818433014
Category_Electronics,78.14999199419094,0,63.75701630832698,44.807802116393006
Category_Electronics,24.530140159469525,2,77.71921968428444,62.19718294166448
Category_Electronics,42.11986158209075,2,104.16364089873431,33.97795159615457
Category_Electronics,90.9881283718956,8,90.90506740595399,45.48950792699088
Category_Electronics,37.86392791996715,4,93.7087217028262,53.88269758675019
Category_Electronics,21.358207796596666,8,8.428233128190005,78.95667004378173
Category_Electronics,25.572390367695068,1,55.28442150830019,27.45224645640674
Category_Electronics,70.73436758471772,6,94.18201143814898,75.12320032375186
Category_Electronics,46.91214551857877,7,77.75401817498258,10.072052089575667
Category_Electronics,55.45614607916503,8,63.69653920268861,42.71873501802254
Category_Electronics,70.43258014717573,1,42.35118014065631,75.24320853670359
Category_Electronics,70.88973840777068,5,103.23583350463102,60.473517612109426
Category_Electronics,80.08069401871204,4,31.715509283950887,13.410342006102352
Category_Electronics,41.817779012669476,6,107.18340901088732,79.35067373876444
Category_Electronics,62.64366355174983,0,95.32873558841207,25.773010843014273
Category_Electronics,36.28489459538238,1,55.14653550955471,76.42277621248046
Category_Electronics,46.77729072384335,1,72.0556654983641,13.82032643647734
Category_Electronics,26.328916100708632,2,21.462551627637986,33.05600427511098
Category_Electronics,63.42416869990176,7,72.59329529371509,18.232604424320783
Category_Electronics,65.01690581453721,6,108.8510565040636,73.83889372753862
Category_Electronics,77.61303700128795,7,46.52541658445866,48.20442397839274
Category_Electronics,69.04383412050103,9,86.07323342492178,15.766721735488744
Category_Electronics,46.673632462377256,5,25.631832703742155,24.770926029115238
Category_Electronics,20.478287677612606,3,47.13409010950729,44.54091903937961
Category_Electronics,24.723233010999554,8,16.862555988155172,21.307902195748866
Category_Electronics,57.629348508749445,5,74.43708832140173,47.08074627660672
Category_Electronics,93.68516343400204,1,71.21261662736659,69.55688665290856
Category_Electronics,31.63207031455321,3,97.08783545572919,68.05830484688546
Category_Electronics,87.00174309947381,6,36.111507075408745,54.0041850898225
Category_Electronics,88.80551945695613,2,29.971578151590663,17.45940186187362
Category_Electronics,29.784677106479457,8,97.435203530482,77.413011567595
Category_Electronics,49.66541572708545,2,25.79948134905784,32.473729976598975
Category_Electronics,93.63625267657011,2,34.8271132389106,16.01848778125291
Category_Electronics,40.52235445518032,1,63.45551967694324,40.68489574642214
Category_Electronics,33.053774778992235,3,43.981646277029384,34.83609934969614
Category_Electronics,63.472139568735805,6,110.82214897321282,38.34667400668603
Category_Electronics,64.32856661425161,3,35.14079817569467,73.61790498678536
Category_Electronics,91.26262555723203,4,91.73321457681531,26.7142505823692
Category_Electronics,75.32083712990996,9,97.9443164797772,73.04791838013281
Category_Electronics,71.31040912797928,5,24.285819238818597,16.43751971222595
Category_Electronics,63.15362777074564,2,43.59721503883069,24.717833850598147
Category_Electronics,28.260202148903666,8,37.14570682235918,21.41461071520445
Category_Electronics,56.1560868674205,1,65.02194457243243,76.69632098947585
Category_Electronics,65.29214751085792,4,73.7518541494224,65.92667586918338
Category_Electronics,64.6661672216905,8,105.87838457081055,39.00102882816959
Category_Electronics,57.659607183921864,5,27.320872018304595,58.264240942887
Category_Electronics,87.72325427130924,4,116.65577568059118,48.65369559582564
Category_Electronics,40.12035079665584,7,76.74419228599288,58.703083659452645
Category_Electronics,44.14330726863663,1,103.6657946798856,52.308198219760946
Category_Electronics,32.647708373122036,0,104.88619768430719,11.411296748252585
Category_Electronics,38.262969555394605,3,55.839546976775154,72.29720851307228
Category_Electronics,55.06551967001519,3,92.16954889931199,56.81009011484176
Category_Electronics,74.61666570556376,3,95.82303109638663,26.565048351733093
Category_Electronics,91.16006222582266,0,97.86907126994588,23.40117041964902
Category_Electronics,83.50997006110711,0,108.61942723941267,71.39270403303132
Category_Electronics,23.511046792567065,5,119.67520366571698,62.14378783789157
Category_Electronics,82.85038069634123,6,81.2772732386491,43.746254116713594
Category_Electronics,75.39282789761704,0,78.34477501662722,54.174153206271974
Category_Electronics,76.78220627662398,0,52.66482365187046,12.300390805659788
Category_Electronics,30.19305367195242,6,28.246399717989313,65.58026174434248
Category_Electronics,87.19480235603427,5,73.89322368855267,26.91996124639226
Category_Electronics,44.57412724412322,6,115.05846207996343,70.46944280793883
Category_Electronics,45.53499445178058,5,22.145323403802408,11.549741405950213
Category_Electronics,36.41260081907694,7,95.32617854800753,17.874857046971975
Category_Electronics,74.3171177980127,8,19.39830462216224,62.899568877302876
Category_Electronics,73.40263540649633,2,74.73502891427528,45.23118230080666
Category_Electronics,24.56122338873498,0,91.48539669767402,59.65645512169224
Category_Electronics,41.69537702933585,0,102.67338178067638,31.045631110361477
Category_Electronics,39.55314792453129,8,64.34710957151236,73.71590394977132
Category_Electronics,23.26599333825315,3,95.69104117031708,79.63317461148975
Category_Electronics,80.23940522824253,9,31.358714283709467,20.055315555048374
Category_Electronics,88.46613089170228,7,27.41664301878506,59.686426223279305
Category_Electronics,25.634633123286385,7,18.317863686292096,76.4959824821278
Category_Electronics,45.40655841682715,7,78.56139068083182,39.10095294956712
Category_Electronics,64.59488404617335,1,106.3744845910674,14.905994969340021
Category_Electronics,42.172548882263044,2,61.73252183160289,21.566652314728064
Category_Electronics,51.101578223707364,8,85.10104126448557,45.50495771746628
Category_Electronics,38.09173438320475,6,43.283822534118194,43.0679978187555
Category_Electronics,35.05054265757522,6,47.48199028856789,49.50570210429328
Category_Electronics,90.80499869477973,1,88.69602119968313,38.66911130417285
Category_Electronics,67.3767340419922,6,79.5293236038059,18.23921435926026
Category_Electronics,90.98021187665753,0,27.182780523358396,73.40404670498684
Category_Electronics,24.009163548739878,1,61.9674569229536,52.18441407267419
Category_Electronics,70.86875453473532,9,106.46997536157168,67.9985985925529
Category_Electronics,68.90493647639583,1,118.49613999791401,31.01274146253063
Category_Electronics,28.88155205137011,7,117.53857839999307,18.169414484172734
Category_Electronics,52.37804435061816,7,58.139729531863125,15.468500155282094
Category_Electronics,46.801151874844436,3,52.09493193492175,73.54033162753646
Category_Electronics,30.004129198783744,4,74.76155895810194,23.000482985067727
Category_Electronics,72.1481081070148,0,37.73885386693612,56.78543430998096
Category_Electronics,43.2732598657617,8,100.66509707536083,31.723100499419413
Category_Electronics,24.732891864400884,8,64.89945474231436,78.42049652681585
Category_Electronics,93.78808787519118,6,41.99366536670896,66.32870495278829
Category_Electronics,33.03844983673646,5,80.54476651641927,69.15934678643464
Category_Electronics,26.19912963423658,1,111.35448422208452,25.996760339472104
Category_Electronics,57.028940334657904,1,78.55916853217619,27.04825821453466
Category_Electronics,49.008672330511146,2,77.79744024687213,28.19157385148648
Category_Electronics,34.267991285659924,5,75.56377790848232,27.399039491171827
Category_Electronics,42.55183900428065,7,106.78200076341568,29.721071401476266
Category_Electronics,68.26516087142981,0,65.43752969286777,48.82749678044574
Category_Electronics,49.725758437327755,8,57.47445880591392,69.27077861529027
Category_Electronics,94.15789855213453,0,117.4332101434679,14.0058485188028
Category_Electronics,64.18705113104109,2,9.174072017236186,25.719912067841662
Category_Electronics,87.91569377371741,1,55.18437562130626,39.08475118757872
Category_Electronics,86.6120624015082,1,103.80418916751964,31.643481951661514
Category_Electronics,59.86279883771326,8,99.87848590799612,61.51824097033795
Category_Electronics,59.756979760607486,4,47.76625802768799,66.41614220999072
Category_Electronics,60.02184407949632,1,32.82458459337367,78.94674030478853
Category_Electronics,87.74078797178508,2,50.00540395056669,44.126123138432334
Category_Electronics,30.98530700587377,7,37.67720916235506,64.81059779567121
Category_Electronics,70.3245861521237,2,27.096427600103755,25.4492464385634
Category_Electronics,23.551130355992697,6,54.07456371729087,38.973666640521365
Category_Electronics,78.37132746338435,1,55.53586234898107,64.9407818395722
Category_Electronics,93.22037003277799,7,104.16928537584576,53.52768604140423
Category_Electronics,81.29706961914911,7,50.90971055443728,55.71391355965469
Category_Electronics,33.92110180297972,5,66.58461191298245,79.32282661688059
Category_Electronics,75.35313537606547,0,100.12855200997456,63.828880012348456
Product_Book,41.122684501509255,9,93.960018147444,71.49583802678758
Product_Book,66.80149955855478,3,38.94903510101168,29.963679839909428
Product_Book,79.46487403268533,5,82.0306745141803,38.52684961550315
Product_Book,31.72359487563633,6,65.46101012095497,26.345830101528524
Product_Book,80.60085650725802,7,110.48927546199545,31.340283354466
Product_Book,36.61236090072397,3,43.33154874400282,40.80928932323689
Product_Book,66.16163145069932,5,114.04381210877841,50.15240502866622
Product_Book,58.08650110181017,1,104.56271393813518,46.55822831703112
Product_Book,89.5446744345228,7,18.020966108890015,51.77517610101081
Product_Book,46.554939634518774,9,14.928719309934296,26.1122243727056
Product_Book,77.46737466527875,7,73.24976298324503,79.81411844984488
Product_Book,79.01593983657222,4,17.55451570174322,55.79644977322342
Product_Book,65.52500007336269,4,51.454997499198385,66.44739103227329
Product_Book,77.11631116595768,8,34.45507546064326,39.43572506535726
Product_Book,82.5946803971238,4,98.60035225509972,46.287873355157814
Product_Book,88.36617862288799,6,81.78049033893119,73.91242466577339
Product_Book,52.77474318036125,4,118.64714343330563,67.06664012975256
Product_Book,87.31060386239437,2,87.48624425654364,35.812515015393416
Product_Book,36.15580289466052,6,110.43551620704638,63.32913661486145
Product_Book,44.823381892853945,6,49.197860502825655,19.535629191617545
Product_Book,46.75749361716447,5,94.89333891535627,58.94923567347731
Product_Book,29.64261984522267,5,74.9271628100878,45.054564365842104
Product_Book,48.66644507171683,5,58.733847536562386,23.367885276703706
Product_Book,59.04304529861219,3,92.2986959921899,51.68844962840973
Product_Book,65.67996269408738,6,89.41656699797302,56.751735695095334
Product_Book,55.344515816130006,1,45.11091768118241,63.069692305650136
Product_Book,22.529758059328923,6,69.83919938277866,24.331787144296776
Product_Book,88.68933063843431,3,55.760895474240876,14.408453559064313
Product_Book,85.50059807034498,6,73.83297606771124,22.505755557819747
Product_Book,30.92789393669029,2,65.97519049941428,29.80495503580327
Product_Book,46.26613475986321,5,73.92819515770768,26.302876435946303
Product_Book,39.8011911604705,8,57.94380067398741,67.85495536107055
Product_Book,51.73291109572474,3,118.0927382556392,31.27212975795753
Product_Book,44.27931732401813,3,20.401661714050313,63.23737916067866
Product_Book,90.1859568862045,5,43.343264984264984,18.84169486354385
Product_Book,45.87050783163066,2,52.86158100737501,65.30187331495992
Product_Book,52.90336616628504,1,57.11501333140425,49.64492261944965
Product_Book,71.28688282685147,5,40.46087551132942,67.51698850576112
Product_Book,62.44503115190354,3,16.514225352785093,12.904404354009976
Product_Book,39.905441569617984,6,110.83835959231075,50.24388089245303
Product_Book,89.00118327470051,4,71.4460173204564,61.12136938867372
Product_Book,49.88657668545012,3,31.356264756695303,71.81460656620783
Product_Book,81.83601996911712,3,93.4540074441818,44.0128762392174
Product_Book,76.99752737717932,9,113.60573492616626,59.64834656456501
Product_Book,51.634911446339814,9,69.22165807819873,17.91679896673805
Product_Book,47.10761113448769,9,52.959050819014635,25.658493533529988
Product_Book,74.2669468995814,3,62.654431248849626,53.68146579961247
Product_Book,35.62141895481752,7,114.03872257733516,72.37722009173919
Product_Book,44.10768089802629,1,73.43847004482944,48.35401105736545
Product_Book,89.4981475650084,5,52.56726808263322,54.347010202268514
Product_Book,84.0148582324853,1,5.853335406274771,73.92709580485436
Product_Book,50.62899950132755,9,43.31570705189927,37.07007290905149
Product_Book,62.826481317822775,3,39.10145937580343,68.37358617471634
Product_Book,32.43724820296203,3,63.141659960406905,32.63163878576163
Product_Book,35.372076415816906,9,82.10906384115827,25.247721113005046
Product_Book,70.74937283712384,3,63.51446657646442,74.53270618036498
Product_Book,84.46756916083355,3,9.237959383466038,27.72398536881089
Product_Book,88.92435380724612,8,76.62417612869268,20.298424154730924
Product_Book,60.78042171229465,9,55.89177981438875,46.652040114146615
Product_Book,29.62971288516887,4,12.296699500809412,78.57676912956794
Product_Book,28.88960216150946,4,9.519250821312408,52.32203553460317
Product_Book,71.67444262782328,3,49.186511874525124,18.110759593397006
Product_Book,35.01619978133763,3,55.39616187314649,66.46452852076818
Product_Book,63.94768840249216,2,37.84521161069842,65.35993243807978
Product_Book,43.58905757511525,6,15.103461197549173,70.05514575679736
Product_Book,56.27675196985892,3,31.851727005621324,17.03720855503534
Product_Book,28.271530131774874,4,111.61984873473794,69.77623206313183
Product_Book,82.26680729640813,7,73.48298475790182,60.5918537440135
Product_Book,92.06645969187304,0,74.3330790363368,30.27872144191403
Product_Book,52.47103408965517,0,12.41895023487389,44.0187249194872
Product_Book,51.973975010323606,1,79.25157978941964,22.965100270539274
Product_Book,35.46041886577977,8,8.341694366777684,46.49007533494326
Product_Book,55.3334015204181,9,105.49842726266665,62.45255201082642
Product_Book,84.3587287399435,8,117.1366995731686,52.83397242660846
Product_Book,32.85232739716146,8,93.04264732902338,67.32638620179371
Product_Book,29.367795847037552,7,109.95103529344435,47.24124733783575
Product_Book,41.64950454386033,4,45.811683336588665,59.69685736608807
Product_Book,33.396605527220146,4,81.34733110292291,14.963931755019374
Product_Book,45.006350108451244,1,86.366099649608,72.24943961835197
Product_Book,41.671517414602704,2,115.9448193542263,11.583508998897047
Product_Book,64.24704848570664,9,98.81654870218094,12.550764027237587
Product_Book,20.261881895222768,7,83.64386837601582,38.40964737345146
Product_Book,69.62036612156822,1,33.50422160385992,27.214861617210868
Product_Book,33.96741535731604,3,45.61676238970411,79.20851937909914
Product_Book,73.59866775928634,9,22.15639391729845,51.441737156940555
Product_Book,42.117743982231914,6,55.76150598579459,30.485497517698793
Product_Book,64.14138609280106,3,69.57814337233101,13.927803496381813
Product_Book,65.51665113104056,2,73.56259137308662,75.96669553139438
Product_Book,65.70559377472284,3,57.86911843248406,41.08270641282622
Product_Book,54.483683138187445,7,99.77197424335051,25.73121509201886
Product_Book,45.20978603623591,5,56.99988989290072,71.95451856416673
Product_Book,45.89053256264992,0,13.088040008710554,43.83166578468831
Product_Book,75.65531432746855,6,103.99213838320448,44.33687159178312
Product_Book,71.11681509720464,4,58.927590888311315,57.92468323041747
Product_Book,88.80548437768913,5,31.790115584618874,70.70148676323738
Product_Book,32.12124860785836,4,115.86325344573056,58.25386052733488
Product_Book,49.47050958630503,2,22.512654452771788,27.661387177041373
Product_Book,49.355512464243375,5,79.24096824041469,35.49362909043188
Product_Book,57.54999801670391,1,101.88644936406226,73.61727839611805
Product_Book,42.0869536252655,8,38.780882186939515,78.48381629576083
Product_Book,52.802229713883314,6,99.06946876897494,16.551846428865797
Product_Book,40.68265710245535,3,96.81026991294739,75.33604511645535
Product_Book,25.99570326375192,3,114.14968330538674,76.44071373436358
Product_Book,90.77653149850374,4,83.72854576337758,69.11569427871
Product_Book,65.04096792507772,8,35.38168584331061,31.207736913708196
Product_Book,61.67723815953056,3,15.71931913911,33.392868966282876
Product_Book,46.32149935455347,5,18.695847971476823,23.521564778523967
Product_Book,82.83616931075846,6,39.35060365460453,10.712250181248725
Product_Book,72.17208090522686,8,28.95079944577044,60.422414930022335
Product_Book,80.83384045555214,1,33.60230342756919,21.76748028442936
Product_Book,75.07439851212493,9,20.960807879641656,22.93516805518982
Product_Book,59.63512546309059,6,106.19387543040976,42.20084679564956
Product_Book,66.78554479406563,3,13.501994937188003,67.07478939052561
Product_Book,68.51596574894008,3,38.02159113833511,69.35654023091911
Product_Book,31.332511938094896,9,35.69720275226197,37.36591360224969
Product_Book,38.36663971077351,8,70.8890744752031,42.960131194230726
Product_Book,70.0469136296006,4,65.14975348071032,45.63032350934419
Product_Book,43.713353815715635,0,24.03954608551211,32.032408962092404
Product_Book,75.00202120133034,3,102.18792750318352,78.78114680862606
Product_Book,71.91754059840656,8,11.276735717795612,49.635564136745394
Product_Book,88.98860185266467,8,77.07223421194261,71.71304586928866
Product_Book,44.682757328582646,1,14.740593688351296,52.02370608583591
Product_Book,30.172370438320733,6,56.57930633009665,47.17476138756542
Product_Book,87.53866193473525,5,67.30332038831963,76.7381362376391
Product_Book,43.38280905620903,5,17.575702335821894,38.3442399358164
Product_Book,80.34668311553034,9,75.82564008855658,79.81501440652976
Product_Book,41.900603710284244,9,29.08886965760209,12.678490149251092
Product_Book,85.43199072428139,5,31.67814126274787,78.93191249956718
Product_Book,57.67100969513959,6,63.078308709504924,43.03122107399037
Product_Book,53.68539028583488,3,88.48277960997575,36.68646299599726
Product_Book,59.19086234834802,6,41.94400027028562,11.061635022763097
Product_Book,74.73838165339266,7,80.25119304683055,71.45654764088056
Product_Book,87.59506854188255,8,40.852865939994906,23.03870276190257
Product_Book,50.24824159946836,0,98.88754377489222,11.417403289644643
Product_Book,60.71189125562887,0,90.4029425297649,45.408235599734965
Product_Book,32.15989589563776,5,45.93315467097142,12.932022131857146
Product_Book,40.926326282402485,8,48.36456499677364,16.088512574494782
Product_Book,55.22366924987178,7,48.784876886244696,18.447141472110722
Product_Book,94.2767568294218,0,67.20583530814719,43.345514607241995
Product_Book,68.69410440972568,9,75.87411669266547,18.08939575313352
Product_Book,83.19703991469748,7,65.68610859759181,10.596497742510508
Product_Book,29.152363638393858,8,39.202601893401024,73.39791405224373
Product_Book,50.46273244679261,1,91.77867783414611,58.222517562271314
Product_Book,29.991394553009243,2,63.13481364245475,64.13985897090024
Product_Book,27.769149097402185,4,35.419502146187675,21.942252539897876
Product_Book,64.19420546770058,8,94.97206644238337,75.37292799127785
Product_Book,47.583100411569774,7,82.41862214580827,48.21951185736376
Product_Book,48.07554615125981,5,5.364241125916037,29.747812427251834
Product_Book,60.37079296586226,0,109.40465137926721,55.331658232911074
Product_Book,55.84122459739924,5,16.4459251377874,24.351345741046302
Product_Book,20.120207668888007,3,38.48548930854278,70.68957886307095
Product_Book,75.9357683057116,3,39.70211908377654,42.74826375602197
Product_Book,35.72224159635096,9,6.777989091030156,18.061368097209872
Product_Book,38.74558134639195,9,39.79964640450093,77.66883317560249
Product_Book,41.138821888961736,8,102.21664800675899,18.17073882875299
Product_Book,22.70881403405023,7,118.89307014122939,59.09589032128302
Product_Book,35.6525312106357,9,43.46673341132836,34.08095957898324
Product_Book,77.03423295198996,8,80.11611423925058,24.20340568886245
Product_Book,88.45093646839045,3,119.66361084501152,76.793351123435
Product_Book,90.53980375114739,8,30.370533143607396,47.284292082014744
Product_Book,36.822697011873096,3,75.2594534851719,12.858348174714436
Product_Book,92.70939251155308,9,48.78827079813778,46.07957136048391
Product_Book,54.958956445081924,0,111.7360748290212,33.4979809035941
Product_Book,77.0407238491855,3,79.28777799251336,57.42956580424133
Product_Book,27.716468399153836,0,32.70463116653259,65.18541094488191
Product_Book,70.67824143529558,4,69.78675046951315,14.861347823808064
Product_Book,64.68761726755417,1,110.0376991731938,61.75503235504389
Product_Book,47.37230750026848,2,113.0800639040885,27.509377000447095
Product_Book,43.592168034614936,5,105.1991530705958,14.802464557797443
Product_Book,47.6268685461434,4,6.7056618822768055,72.3448222271853
Product_Book,48.11252739328695,5,100.76706142516933,57.016588486258655
Product_Book,33.19562243586966,3,7.922062413651494,33.509490766300324
Product_Book,23.366983578081552,5,99.17431805680788,72.12247464997641
Product_Book,61.184613572700144,6,21.960657094785763,48.33677641586424
Product_Book,73.34304438522047,8,112.59003942325525,64.92479401282527
Product_Book,68.96212986665014,6,81.57224441239735,22.662956041705627
Product_Book,54.34055391293241,4,89.72746839419149,11.16977656164084
Product_Book,57.21949835313791,7,43.20745071596258,40.60600421628051
Product_Book,91.82775599324722,4,113.35307606980287,58.76665273645634
Product_Book,37.76300276520571,3,6.393008351487524,33.26383920106264
Product_Book,49.513581509783734,0,9.405330529016862,13.394815822575673
Product_Book,41.29387181887918,8,72.18238306347462,54.36794508607599
Product_Book,73.796222894908,5,101.13277660373481,68.07011369737864
Product_Book,31.838445340204977,2,13.661804892623728,54.86750771981323
Product_Book,81.15023581183243,6,98.95957454005561,56.60995808405141
Product_Book,75.15089913606516,7,73.17926909175458,46.10614711658355
Product_Book,94.5351895025897,0,101.13092491152308,66.95366761967689
Product_Book,25.355470512934257,9,77.34162383435788,46.40438026292294
Product_Book,92.79656342651343,0,21.63197784605595,37.79477590440628
Product_Book,27.685269974418798,6,103.29332832362009,20.489844440970607
Product_Book,90.94458959720568,0,111.53759603712524,33.57549521080692
Product_Book,73.69691781045478,6,94.57318922193659,20.758963862851814
Product_Book,27.112446036440662,2,84.59212074860048,27.59232780384208
Product_Book,88.22576914288133,5,47.73458641959847,17.148658861414937
Product_Book,87.49748898471431,9,86.77960585635547,39.25455439402447
Product_Book,24.969506229568378,6,21.224075974728056,63.852715273257644
Product_Book,88.47748235403431,5,43.03720302805098,60.933636935944875
Product_Book,66.80327978126562,4,61.67824897406774,58.84621594336951
Product_Book,22.55733962500649,1,64.95570714648458,35.88235111438475
Product_Book,29.254577281492757,9,99.71104189540033,31.9562636422968
Product_Electronics,54.05701584532493,3,48.16814395664428,59.681469452977964
Product_Electronics,80.88727831223514,3,13.453451832307653,23.411577753209656
Product_Electronics,61.36506872347705,4,23.817782652356865,33.60187219840209
Product_Electronics,65.39264151261224,1,50.88418541707843,67.78866655923804
Product_Electronics,25.394986361102436,0,60.138353627197716,43.70535652243425
Product_Electronics,42.84588609924876,7,111.48239302290634,60.16007210219718
Product_Electronics,92.9716049767111,5,65.28388767898537,25.593067948297463
Product_Electronics,83.46712423365582,5,72.68987235479337,28.047798715515782
Product_Electronics,71.73887215597262,4,102.06905445395701,25.216957299409202
Product_Electronics,21.11025671138481,8,44.406206324480735,56.2940150170032
Product_Electronics,28.4816216698121,6,92.76683513274189,26.895944660280275
Product_Electronics,73.02261349344917,9,5.110970612009858,78.31876993174156
Product_Electronics,46.93694841276449,5,92.39808746935638,37.051948980040166
Product_Electronics,76.49575453484778,6,7.29873487866238,13.900765461132142
Product_Electronics,88.87562454752529,5,69.1557763249178,42.65129628312238
Product_Electronics,63.18264361642133,7,115.41230950438462,48.65302762543153
Product_Electronics,83.46740660936504,6,35.212572033566076,15.933875835902558
Product_Electronics,93.14876128662081,3,48.675880069964855,51.89591556267427
Product_Electronics,63.51408224783993,3,116.26821454956426,29.417125151367514
Product_Electronics,73.27147540354238,4,20.27910106916537,27.7122080472498
Product_Electronics,23.159580271474642,3,94.18807184134324,54.16493525489227
Product_Electronics,27.28354006352442,0,12.0273140239273,40.571567445624865
Product_Electronics,88.4831590189662,4,113.01214113924884,52.28073704791355
Product_Electronics,39.42906118723367,2,23.77029608425822,11.559769964974944
Product_Electronics,88.11116438318012,4,13.008771443301645,50.581057098610366
Product_Electronics,30.876062624183646,2,94.13735427818658,62.89626333695199
Product_Electronics,65.32386011864624,6,59.99554321155855,54.65109831514335
Product_Electronics,71.50694503118487,7,57.653615229884416,53.84563076960434
Product_Electronics,92.1313618878431,4,81.31963379296442,46.51467376134562
Product_Electronics,32.13714959512179,4,109.95962294610781,11.091130934275474
Product_Electronics,68.19753301143909,4,119.87828061537209,50.711141307248276
Product_Electronics,33.5774031782001,3,97.2695598829246,29.724984762319107
Product_Electronics,66.9254909291569,5,31.948156076090914,45.997297999800104
Product_Electronics,79.80983677794674,2,60.921154747528924,29.333040294789125
Product_Electronics,49.83344129852358,3,25.155776291481295,37.08928507854722
Product_Electronics,92.36705926083614,2,55.64185208556177,55.343969188980324
Product_Electronics,72.63318278656648,1,75.7555173166619,21.503842085978743
Product_Electronics,21.539188378438645,2,26.309969605252476,12.744104935776921
Product_Electronics,31.876586028279753,0,74.40313289670627,58.082098301467894
Product_Electronics,49.513550949771556,8,85.84829090186378,74.99280566766097
Product_Electronics,71.4715071962782,4,54.13393416057411,66.79376354410584
Product_Electronics,70.33205481014559,1,85.51489968243457,79.77750149273278
Product_Electronics,22.523286690782157,9,72.47230365100694,25.152212172810277
Product_Electronics,48.68856683542232,8,76.5819655663897,32.72682145254209
Product_Electronics,54.29899671580333,1,42.25933253468762,70.49318537883849
Product_Electronics,78.17186810703757,7,71.0785687159979,18.673562141786267
Product_Electronics,32.81528253788566,3,104.77220059137653,45.3716495547601
Product_Electronics,86.42177941680423,3,22.71699127901144,68.7932768189596
Product_Electronics,24.78810342418255,2,34.258852602795,73.51458900618083
Product_Electronics,67.75818912769753,2,117.95183889278906,70.34098748381481
Product_Electronics,77.90157596237746,7,116.98018054972573,62.00912519781691
Product_Electronics,65.39129630217812,2,26.886940662942028,71.022246403479
Product_Electronics,76.8162017857917,6,11.522063612807731,56.4790803306911
Product_Electronics,38.055585358671486,0,104.26040569016354,50.91090248984452
Product_Electronics,35.99261490841481,8,9.776556159955202,38.983891386716955
Product_Electronics,76.96447519913224,7,51.95260402066766,50.79030914931155
Product_Electronics,72.95018071753934,3,112.34581042238923,34.64523410619529
Product_Electronics,47.40094476337451,2,115.40211807297338,41.954114966219834
Product_Electronics,62.77941005425722,7,34.08569382784438,66.72888291986908
Product_Electronics,22.135341940761588,7,114.69090676562021,41.557358802107316
Product_Electronics,29.735416899940954,4,80.81094260859997,31.849715416429007
Product_Electronics,39.93035586242594,7,90.14192579795089,65.95276170810338
Product_Electronics,74.40617230898386,1,58.593923742504245,47.37694860063937
Product_Electronics,38.17071454885163,3,50.86447611186753,68.46728642198511
Product_Electronics,49.27957798020532,7,58.286320235728,70.51554325911914
Product_Electronics,89.46740520131111,5,25.80051439546233,22.96025792176161
Product_Electronics,32.253609234841285,3,5.6925346423667325,18.902403873431414
Product_Electronics,60.34697237330742,9,15.62099269751514,35.191460863368405
Product_Electronics,40.56557037951836,5,117.61186329047251,18.70132457704429
Product_Electronics,47.95450286255708,1,77.32154023528396,54.95302392243573
Product_Electronics,57.871634419422556,2,116.87863889074526,47.624170698393414
Product_Electronics,57.38676702758107,7,77.88564287433857,51.33060965452404
Product_Electronics,68.8949794606813,0,59.92354216503501,73.45129923258304
Product_Electronics,20.168973695969278,1,6.1339958894847495,10.71214059322047
Product_Electronics,65.81139395707993,2,39.00073576195629,73.84476419218228
Product_Electronics,75.77796214875187,2,6.4760941606247435,31.853211574061028
Product_Electronics,45.28907711265424,8,26.802727076237456,66.47954207971358
Product_Electronics,40.673317268170806,5,91.17266407348238,60.035340490646504
Product_Electronics,41.05223578103303,4,62.93052496809379,67.01590157314823
Product_Electronics,81.44637805565165,3,10.321798709253642,20.540634587239595
Product_Electronics,27.897838831088556,3,19.343233556009668,76.35039401444726
Product_Electronics,81.4548383529156,6,118.77693389346423,52.74494466422443
Product_Electronics,65.96738277361385,7,96.49805859994872,63.6742639668192
Product_Electronics,35.40259128040489,5,44.66405142432177,19.454924941415378
Product_Electronics,43.61582944383123,4,72.06359681487962,42.31279923660442
Product_Electronics,69.33180987696517,7,116.42041094849957,73.21978183319266
Product_Electronics,58.40006424606198,6,76.87346478177888,23.189013498183133
Product_Electronics,38.61818991358328,5,6.559640994514123,48.41226658243922
Product_Electronics,31.900823389546684,1,11.21455312000877,47.287440861387495
Product_Electronics,34.32766083200577,4,43.204055007557265,34.18394938858766
Product_Electronics,53.97551102700943,0,78.58200322195812,68.06448455395162
Product_Electronics,94.85534401941779,9,69.11235736319395,23.54007141759696
Product_Electronics,71.10844070898656,4,29.364652069214777,27.919693436860396
Product_Electronics,31.175640755873836,4,51.75457289372081,14.388694722046885
Product_Electronics,85.62124936177102,2,7.140266880958096,53.82394369005269
Product_Electronics,58.81991186565787,9,107.07270189195717,56.911380427749755
Product_Electronics,94.87657634924199,9,82.56304759610295,30.6119824927882
Product_Electronics,59.65557586548344,2,52.93050403031495,70.38222995013601
Product_Electronics,41.2693824746665,2,78.49823976482737,24.798911104313287
Product_Electronics,75.89150950186385,3,104.98754817567566,17.665432636411474
Product_Electronics,78.0515979325267,3,70.00862709455821,48.63265976494021
Product_Electronics,49.128878348505545,1,6.503466254626438,43.26528396607003
Product_Electronics,26.451022667902677,4,9.952754025201173,68.20882817271044
Product_Electronics,82.85691700302137,8,110.02006830681398,11.565635607603609
Product_Electronics,67.82399629114235,8,102.51569799825798,60.608263545603435
Product_Electronics,59.83652981744395,7,33.34657475983552,76.37772997473111
Product_Electronics,71.65452116612894,4,116.8512382706419,69.99825654367312
Product_Electronics,74.99567718754827,4,108.60118838364085,32.76667624746972
Product_Electronics,74.95975397683648,5,92.33231639199134,60.87243925984337
Product_Electronics,48.14486568016894,3,29.217108667288915,61.91742217538329
Product_Electronics,31.065075429467242,0,13.292929529058243,24.888444253909086
Product_Electronics,31.23260955059274,3,39.42369257677701,24.77161534371882
Product_Electronics,61.87165598280627,3,106.2072102927877,43.834546437221825
Product_Electronics,46.94478310441981,2,110.53482764042776,50.98138040392361
Product_Electronics,73.44238084087814,3,40.73700994340914,23.306586278165703
Product_Electronics,55.66128546374651,8,71.28460277354036,72.77791303608625
Product_Electronics,79.47983702442133,5,39.551218648252586,73.32714062722157
Product_Electronics,26.786471888716452,8,50.31520434671419,47.627744309703274
Product_Electronics,34.35044022510055,5,100.62667294857567,57.75237835896536
Product_Electronics,22.422643468651135,2,78.09722642110495,56.38203520161994
Product_Electronics,75.99885746281963,6,38.86376493308539,72.05250437287035
Product_Electronics,57.321504899348525,4,33.41241069080912,22.268942156992715
Product_Electronics,83.70588524261213,9,88.82008370617379,39.900922880477204
Product_Electronics,21.862580561001074,8,109.37932058865798,78.71469019011052
Product_Electronics,46.98571079514751,2,63.277149072733444,32.282764913938706
Product_Electronics,39.251800539954736,9,70.94674841604986,22.687134008390682
Product_Electronics,94.55094020699138,4,69.32497544242966,56.56388590204282
Product_Electronics,90.27984909905422,3,33.261798702695046,50.08367659047532
Product_Electronics,91.51804684294125,1,94.62707111100572,60.81052975785309
Product_Electronics,91.3912854320848,0,84.71912446790797,28.322022052817168
Product_Electronics,89.35765148269263,4,52.64664477901987,28.677523671734168
Product_Electronics,34.8942212370207,0,5.286977164095352,68.24618223765815
Product_Electronics,39.673388153448194,3,84.5201059577816,56.6328332995413
Product_Electronics,47.39896723736325,9,41.233448085590716,16.661966339186613
Product_Electronics,30.760945230920616,9,60.45917993447149,23.906244461992262
Product_Electronics,30.546226766171294,7,104.2459063724081,12.209168434293353
Product_Electronics,93.27606946999207,4,93.12975840782421,12.439595314771053
Product_Electronics,66.84063480048587,9,28.920438198909633,55.02022999042914
Product_Electronics,66.27897448830414,9,50.364905712943646,21.1643443681847
Product_Electronics,33.207236020059426,7,17.719661473176416,70.67479509809598
Product_Electronics,60.818346573771095,6,72.28698136966494,79.18646586851378
Product_Electronics,64.07841473419376,1,61.20997803374255,70.2034915787352
Product_Electronics,29.027357133517228,3,97.02880227819635,72.17465907021892
Product_Electronics,45.10747564093456,7,67.5387832869066,57.26137003683668
Product_Electronics,62.044855303083416,4,93.55984970635556,77.98396975412622
Product_Electronics,94.69805438859876,3,19.132095788059736,32.53032994729343
Product_Electronics,83.8990413638578,0,91.02041963141994,22.263849796671288
Product_Electronics,51.831436937573116,7,20.941422287261314,53.22054659230484
Product_Electronics,65.56113630867583,6,76.78255159079035,27.356160062785683
Product_Electronics,42.51265990037555,1,7.209211303454206,55.639659846450066
Product_Electronics,24.012365606651375,2,50.65174117763588,40.39407195842075
Product_Electronics,75.36532277054667,7,15.421810222824716,75.1013341173647
Product_Electronics,66.92315514139082,8,114.27180595470087,69.64972301816906
Product_Electronics,54.05941818890313,2,77.50945329960977,55.39383393090895
Product_Electronics,63.777243710256165,2,74.39443372689821,13.955765864716387
Product_Electronics,65.69287666789418,0,71.4650774773531,55.93737946959802
Product_Electronics,41.26325267387075,7,117.26771878770613,64.06237853616268
Product_Electronics,91.7314716633296,9,84.93050570541605,35.03039706704689
Product_Electronics,48.89437100796954,3,101.32395026316358,44.27591005101888
Product_Electronics,81.09550132811907,8,50.72973370714647,59.01307047083523
Product_Electronics,88.649505269907,9,86.70589785329987,30.615857880643684
Product_Electronics,35.62981101621274,2,45.849910625129354,13.252303405533674
Product_Electronics,21.18054583375385,2,65.00876215090646,20.68021210715269
Product_Electronics,76.90156659862055,8,70.66826499380203,54.354270608627935
Product_Electronics,34.060949812394,8,82.53903511775786,10.477396150178695
Product_Electronics,67.0903835702079,9,72.93832685129553,39.729957367370375
Product_Electronics,63.793878390673626,2,36.146144335001566,14.679305387237324
Product_Electronics,20.65109069197315,2,76.65570964109916,23.159532374077912
Product_Electronics,35.74675401867589,9,110.33471977177803,21.13309729694691
Product_Electronics,92.18491503173196,5,50.001114997532014,20.757657675718626
Product_Electronics,66.18770793887379,4,87.92248733983205,15.766687641489483
Product_Electronics,70.29783097448342,0,48.04028888956733,71.88800697099066
Product_Electronics,70.07453923455171,7,6.141168823755111,77.81162422263225
Product_Electronics,76.3672723832682,3,91.27667985329414,35.11897088020567
Product_Electronics,61.376828458132664,9,118.44250575934919,73.4088204499613
Product_Electronics,89.63373777081888,8,66.57066661777037,59.55014401915471
Product_Electronics,36.31280500553348,3,35.76035937261199,26.33518960846546
Product_Electronics,27.83109113551083,3,66.61611010879543,68.29014040062923
Product_Electronics,40.91001969932296,8,38.186589671043734,45.725135683625304
Product_Electronics,32.59717972969079,8,115.70499612615416,55.611573987965556
Product_Electronics,42.27282180136777,0,119.78830263144026,67.65708163322884
Product_Electronics,45.78802278947917,4,27.934318704955025,77.97517987860753
Product_Electronics,58.79723719175549,2,91.8463336292466,11.28810882761264
Product_Electronics,30.17157196284468,7,117.94038651529311,73.84240569233118
Product_Electronics,47.24022085824912,8,103.87274437777445,63.29155991291877
Product_Electronics,36.21923594209643,7,104.4749554496961,64.50056178946512
Product_Electronics,49.51000390552093,8,10.39971451172617,64.74324120740931
Product_Electronics,35.507439457527546,6,25.861706560251903,60.629315834353974
Product_Electronics,90.26191047610907,3,67.64919350228274,33.20693837220479
Product_Electronics,33.14206347627725,4,74.64276646075588,78.9265846118991
Product_Electronics,41.661155472340084,7,109.60836106526544,59.52869817981539
Product_Electronics,23.409441919278837,2,118.7758267396647,43.07395177599675
Product_Electronics,92.71927523409505,3,87.61490630441567,49.90654987118275
Product_Electronics,55.225463973257924,3,17.067435129156497,11.906597180894986
Product_Electronics,41.92850845364478,5,68.48882007234349,30.492487763090452
Product_Electronics,93.80446792890584,3,78.17533635133631,61.88360994480052
Product_Electronics,42.06826820632061,0,10.558196075733974,49.165604340612965
Product_Electronics,76.32985123493238,8,77.1612208136153,22.601561480485913
Product_Electronics,34.9439279955935,4,12.274213550543625,35.54073265242879
Product_Electronics,91.64649603871216,9,94.86662231768665,13.064874446891244
Cart,71.9772251673777,7,59.68857683027377,58.40908567778802
Cart,34.71740346642831,3,61.85970309533366,34.971192967861384
Cart,93.91809724282597,2,29.894149278306333,54.368930539846936
Cart,22.1162855553348,4,90.96444312596324,66.5584494379898
Cart,38.9689559985476,8,45.790932184284046,74.27596389876248
Cart,94.74155811319108,2,85.87124682130887,27.665317722186376
Cart,88.32693028674618,3,105.10500879072151,30.351990456291478
Cart,80.5309367194049,0,18.98539322007812,28.598671459303866
Cart,82.70022791064721,2,24.182841829850872,11.303938196707463
Cart,69.96481198462112,5,85.73738967313794,38.98195466287525
Cart,64.87842073996222,1,43.73086332175647,54.64640011829763
Cart,82.11125031266104,9,41.11004319539457,20.31896365390992
Cart,36.49891213535834,3,47.711156928999955,52.43743607558104
Cart,68.50868300045138,3,70.41204012163216,16.792504495694754
Cart,64.62573331388008,3,6.483982654714314,56.291759503457556
Cart,83.54281530916985,9,40.6960347223138,42.97895194978681
Cart,37.562055507625026,6,81.02463323591829,62.43389285458856
Cart,38.442728192245,8,105.74203200983924,13.603297884699558
Cart,42.5764757020341,2,76.1060043582611,14.901920694990256
Cart,69.8059053381555,3,100.17714862664663,25.55324233458105
Cart,34.627023876640706,5,38.995651424247285,64.24021880876563
Cart,84.0815307036046,3,81.79798576913618,14.116317372181333
Cart,59.70986389786,4,8.356946656863828,52.904739536591734
Cart,42.750153679624034,0,108.5390405956618,37.1970140915914
Cart,68.10057211174974,1,25.794913082522996,11.533075314845755
Cart,36.75807122670121,1,64.29881475108999,74.85298431917606
Cart,59.08097720780124,1,63.56131359253277,18.109642681095732
Cart,55.28534383062728,2,73.67035080000413,58.51925226355208
Cart,55.13264590303203,4,44.248302086396215,63.52388237194564
Cart,67.82565181076114,0,95.89234585948506,77.36662290589273
Cart,31.160158034634232,5,94.27194182028471,11.79934020767627
Cart,57.30487635020723,0,55.18040225576676,55.83337699543753
Cart,72.5213324051973,6,26.470728224205356,45.933709491848575
Cart,22.532418291534896,9,118.13264547542373,70.0436965006486
Cart,69.52045870716285,4,20.607118855115615,71.47283869164878
Cart,91.65836827928152,6,15.046378686375844,48.31668634286046
Cart,36.15829903338418,9,32.448097290553825,41.31275287781456
Cart,91.2820362222603,7,41.78309947691666,27.021730146801033
Cart,45.68422139724764,0,111.98447877482948,50.17171135356803
Cart,38.26118574543656,2,11.297329402685275,58.94283624932068
Cart,52.93256043119832,1,111.65804722799408,62.50238685628327
Cart,53.14740164835368,6,97.73036221762487,42.24938688449601
Cart,25.648424259284734,0,96.51092889579367,64.43606736825538
Cart,26.759640520113155,6,60.556625590799655,29.66727372211151
Cart,73.72899184136837,2,110.03596271651239,43.33354244895889
Cart,89.04377893168149,8,31.050794201104924,44.664210619572486
Cart,66.16076676964164,4,17.441465592335966,67.15221774029843
Cart,77.86776278634002,3,14.172059797918276,19.670877296677425
Cart,47.928439129333306,7,81.43583255699635,49.29583120528567
Cart,84.25729156545974,5,81.91402330541906,51.55172944637547
Cart,40.91022217895225,9,110.05969392151984,57.713924885184376
Cart,72.4429245826667,0,67.92605443781318,56.16069927812726
Cart,92.14329386451955,1,77.49904344207057,66.47681786236504
Cart,92.47330316693095,5,95.41509652389948,74.19361144282657
Cart,71.24940744019136,0,85.66665086823126,18.19395212752106
Cart,29.522761211294952,9,78.87137972742948,72.08914305103924
Cart,35.02620228864521,4,35.60105062709805,40.85245802601037
Cart,83.31050015488998,6,61.05975663514578,49.67270405789617
Cart,39.28999477549047,4,110.87059826429004,74.0569935325504
Cart,49.40510397892794,7,71.9339499308703,76.26592216200912
Cart,86.59878904873338,2,52.638088924915394,34.36272603950773
Cart,37.653875521498094,5,25.85150974944177,52.39279152406505
Cart,52.919745768722315,5,57.27249129066719,72.99651027065622
Cart,26.53206881715912,8,96.29900601525944,54.10313044489473
Cart,55.55473431158808,2,109.29879036209636,49.64672604271452
Cart,79.98396435950797,6,86.14034323869016,50.13280347223445
Cart,22.811446034400518,8,84.34377972055907,10.455605281922665
Cart,80.07895810796215,0,115.40670171294894,29.025562683657242
Cart,75.84253964077374,6,92.58997873133924,50.234337197058956
Cart,72.55988461685288,2,16.13338650844146,46.4178909229399
Cart,59.659595885281156,8,30.634785565411352,68.74653036796337
Cart,55.68736962509684,4,59.513631972425834,48.975838839868565
Cart,94.64601809854662,9,65.00578229311358,21.306674560948288
Cart,48.813241640331306,1,71.21481670492103,78.39363016179648
Cart,93.07352652539639,4,88.67713841566604,20.061887921380347
Cart,32.193973382233516,7,80.7384458366742,44.17116347940552
Cart,37.091982328244505,3,31.860653275374773,42.79009583466755
Cart,88.69674465992586,5,29.16353391672124,29.8863042223165
Cart,89.03349679218393,0,23.08529643344379,72.87077227380315
Cart,54.88317171769482,6,19.569420024097134,21.756794305718998
Cart,89.0270235435395,4,95.73624695130549,69.81746402111756
Cart,89.05063221797228,2,39.951223615525635,70.2247343252587
Cart,34.89051521209205,0,87.72209368754282,14.362785166885411
Cart,48.405286044532915,4,56.32841295787337,69.37922204670599
Cart,45.34191084450953,3,7.271977856367824,39.6161158897733
Cart,27.827307465829605,8,23.616984686007505,33.015563199539415
Cart,81.44465035415217,0,59.47144704950165,74.51081938423685
Cart,94.90844658907298,0,112.59033963810153,28.297207656071784
Cart,51.0146374237695,9,73.0236752734352,52.75755450147486
Cart,73.912981115425,3,32.032015576154755,49.11565808014215
Cart,48.893803877144144,6,41.31326931089461,70.03529849955308
Cart,87.3168807414623,7,80.11061386988113,22.000319882473182
Cart,47.87207138288016,7,55.87474846735753,66.17804982835897
Cart,89.53885587951568,1,108.30703226450747,32.21837304112784
Cart,92.19296646208947,5,72.29399644788498,64.12162111000796
Cart,54.68927235579427,0,94.48037574260518,63.757724755553
Cart,26.11435481964397,3,26.520778988749466,40.5413941670015
Cart,53.155780507917335,4,101.59319397189508,16.113828987976103
Cart,51.27065122032945,2,45.33884722912989,31.340759482521236
Cart,84.97534227189139,1,24.88474234391005,54.82842818437719
Cart,88.95461309065088,2,87.16762564530278,39.24485699192594
Cart,29.47310002342427,6,116.72158649441958,34.44087810274963
Cart,41.82128191640967,5,68.97535912068808,29.32868549136963
Cart,66.2949715350232,6,109.71942570409263,38.726486277227195
Cart,60.31929951014882,7,50.09801535274131,60.62400999085876
Cart,62.93107834797479,6,12.34029930292566,77.47410534100807
Cart,66.81974265320784,8,61.22273905894257,46.5341109477623
Cart,35.142661504995445,2,31.159699364323497,38.64593158588684
Cart,31.619726513354248,4,64.9416230274612,66.45839046127406
Cart,20.301845869766687,9,11.184139714102312,64.54586557575787
Cart,68.08147129697437,9,23.827337849600873,75.09879723631035
Cart,44.6498848329084,3,112.03535510236422,43.50167650171709
Cart,45.52900324313628,9,105.83653169864635,35.94994945519975
Cart,50.550781412764046,9,96.27219781014962,40.49655144911429
Cart,33.34174751397205,7,31.49228129385385,28.44947224298622
Cart,37.263761850050116,8,29.784270810576928,37.966000863277124
Cart,50.7585412403868,8,38.44889700343705,14.569206929116062
Cart,26.136794213447622,7,101.12194785983785,56.05044539234788
Cart,24.839180832323358,2,56.88916647462021,76.78143166350429
Cart,55.676296533722024,4,39.83373519904108,64.55146558319021
Cart,44.19967748730055,6,106.18352841690526,76.09056364629721
Cart,24.396422796018534,6,88.54789783180068,76.29767299019124
Cart,38.968594587332404,0,38.25810206146555,35.7116639926076
Cart,53.77602119977464,5,93.42458554795964,70.43130005047755
Cart,47.36157816631372,1,18.50146717181399,39.18348756564336
Cart,47.06002949443769,6,107.86504184817923,20.366148662811216
Cart,67.68045181476404,3,28.43522377220084,65.76400984471127
Cart,40.400229194839184,1,67.16024377796764,63.701993112026614
Cart,61.525478125970814,8,95.30576951602195,15.952271745135604
Cart,63.707383508265835,0,113.00331174383871,13.033711331173581
Cart,66.08890097561374,8,71.70741220820477,16.44387247682236
Cart,58.93303877762267,1,49.237121851704906,17.497876072058656
Cart,77.20008622907315,5,16.277977539230754,47.66928709340225
Cart,81.28320463940855,8,79.84167129780914,66.92292691397171
Cart,52.56708327447291,7,42.68588511718867,74.61926235384009
Cart,86.26400702556266,9,112.34231439845138,75.2108559417184
Cart,62.90709550461302,0,119.66806791146502,57.657196296747514
Cart,50.63275076690424,8,52.82091578082341,72.18136066076532
Cart,56.18745311493096,4,101.62027424964546,67.70326364146739
Cart,74.16414593567558,9,104.7902217472449,37.39730185289997
Cart,21.017717742801196,2,62.28936780404471,18.916322276949572
Cart,28.648439163650593,2,42.408190640523465,59.089108927249654
Cart,68.47116090570688,0,102.39619308262645,29.690635686977142
Cart,79.47391874862106,2,47.45357758647277,16.420373072453852
Cart,66.8722637819912,6,97.3809669841808,37.59093260937621
Cart,54.3918861717989,4,92.61518040468,26.17807133936782
Cart,92.47207472886096,0,118.28598518407674,26.46886064926948
Cart,74.1708574277262,5,80.03268707611466,24.34210600842428
Cart,55.284873696320176,0,27.4580223668411,54.551151949413
Cart,63.169831157509655,5,18.18979759320004,36.38481747475756
Cart,75.78183216057573,5,100.10256516066354,22.191737664478495
Cart,50.99548830341518,0,62.66175413658593,28.879053567197865
Cart,49.25352988728836,0,82.04952545586703,12.876144807719765
Cart,49.208874726826274,4,57.889526024843484,55.93229416764919
Cart,39.56267119872618,5,11.968735093186748,74.25733864909495
Cart,32.87094109617317,9,92.91940451915517,17.468304938448995
Cart,88.80989191661028,0,109.50703394732814,61.772699902232866
Cart,28.024997861269945,5,20.11161775762833,79.13894349327579
Cart,44.977881754900494,0,58.071690571533146,77.17481482359115
Cart,33.876708274081935,6,82.56793455811732,42.618724742670594
Cart,65.4050100312893,6,60.66610870250383,31.701773167136395
Cart,89.78328062601483,9,110.78874445088822,44.25113816858081
Cart,85.14418561707514,7,83.30203490004946,61.95140039395291
Cart,81.00641873230107,0,108.3839714459908,42.06482036581642
Cart,53.00311007406517,8,115.47806636517673,68.017009309826
Cart,88.40560707688523,5,80.98383156715505,26.999101210031338
Cart,90.40787082607923,0,20.049022627335965,65.83350602791738
Cart,35.64449900094184,2,61.86974974158271,38.816277361899054
Cart,86.77471440067765,9,21.86062285506,20.256807384695808
Cart,35.25706266156031,2,10.377401588284117,47.66739609914623
Cart,37.61676244788651,4,19.744029478655747,25.666694756687146
Cart,75.21544826414191,3,13.967058705008322,46.85685732226228
Cart,79.3392324172475,4,63.166264052092885,73.18850845457214
Cart,63.21250055951502,5,81.5728200916944,68.34664095266983
Cart,41.1873912629639,2,64.25715677288983,11.655806116881893
Cart,90.47293936621836,8,118.97053987187925,50.188546564181536
Cart,72.02001671350578,1,99.3805961728973,76.08900193107657
Cart,69.411357365604,9,66.15041413568375,46.14112746133805
Cart,21.45616699074242,7,84.88187550394085,51.13963209663049
Cart,35.14962836882947,1,39.74969528010811,71.49400934298373
Cart,65.22907009493613,4,30.595907798193036,61.68745157003
Cart,87.8105561678225,7,70.43452099092221,29.132205610987047
Cart,66.18217757547637,1,91.24483662696898,29.920651733335426
Cart,51.49665681108392,9,104.07881403707658,35.367541640966785
Cart,48.936521665551936,9,36.62029769564387,75.65919694054394
Cart,68.998641857686,8,69.68466357673302,20.430161338176525
Cart,40.8212961329736,2,43.79280933586309,77.48145060700597
Cart,21.645610069817298,4,81.311426692002,31.388577995624942
Cart,23.397756804587644,4,92.57334061280022,70.63245451515367
Cart,65.2283426974661,0,102.62337320233017,43.81191906333784
Cart,70.21723607406076,2,82.93970895179007,23.107286425710654
Cart,71.02641441139187,6,20.01593304046359,60.039274264711935
Cart,71.04716867282016,8,77.31312720632239,66.00965596687593
Cart,40.12158881666244,6,109.02796682311437,57.25363428043915
Cart,41.7615226219981,1,85.33646180339399,72.07345515293659
Cart,37.30982411709923,8,117.19999510999622,76.66460527713387
Cart,44.399587007310615,1,24.220730756198684,27.702739144325996
Cart,78.72065306590193,4,76.36355573841132,56.617593281492326
Cart,78.6371956357484,1,40.05351048066008,41.383543902072645
Cart,47.36307959287052,0,101.01819236957694,43.57807282343402
Checkout,85.94514695648509,9,95.37025724738042,25.657291867451754
Checkout,77.92415339197746,1,87.20183988930599,53.75850386268177
Checkout,79.86151363827733,0,91.16868484141027,15.10879003116656
Checkout,69.46602463194796,3,16.846619100875834,49.3457331005251
Checkout,64.50735552879159,9,53.039890291032705,47.266929915211335
Checkout,94.34780445583333,6,89.69055884302593,33.32429624881013
Checkout,72.53569259911555,5,6.252979397914444,70.90791287762057
Checkout,36.39637484441443,6,112.91444993034003,31.67615158612913
Checkout,81.4156377829206,8,37.22125214653499,65.81097607273955
Checkout,52.03497643981786,4,45.33242251159907,40.21167874183686
Checkout,75.73071010870069,5,97.91559903783248,77.26132945839534
Checkout,85.46658874702368,4,77.47738806720858,40.559978631601375
Checkout,54.24717418633562,4,113.88647145014194,60.88586607570594
Checkout,20.89077430561497,0,68.57660100786607,62.81765833057726
Checkout,22.87617881940555,3,75.95250229973473,30.275220726650744
Checkout,79.4623064075318,7,84.90495612743024,36.24368866062986
Checkout,52.28285048836104,2,43.578120126232925,58.91149936052104
Checkout,55.527965576698136,1,15.392521078934987,64.38117385531751
Checkout,62.24263016563849,7,42.66845295668763,38.65707857715144
Checkout,37.33743647404402,4,62.15534183868642,79.72538410576185
Checkout,56.73394835459497,2,63.35702562473852,12.771690025935445
Checkout,87.85773510664635,1,88.46935987984274,52.6878700809722
Checkout,63.487567525277235,4,42.63295983500558,78.87901920510758
Checkout,25.7367329940599,3,49.01304844913904,44.542129560535834
Checkout,21.230482154521155,7,28.52255511766753,45.25809249863137
Checkout,73.33333505379309,9,83.94696511371916,49.69174389058274
Checkout,49.79246297957445,0,105.61486082430066,20.703381083516
Checkout,69.98421871811252,3,46.00234646964131,75.83914825297914
Checkout,38.03360940560596,2,73.08226170984521,22.85965698145743
Checkout,37.16947184331328,0,12.018877635922347,70.01342514460137
Checkout,81.24254073044284,0,62.352470663920585,65.81303600172551
Checkout,24.593157991362016,9,90.78595745999985,19.38579403684882
Checkout,43.55110326836261,0,84.64246089369425,30.47384101734484
Checkout,59.13596590606404,6,87.72592065131016,11.400361509831797
Checkout,93.00519566962672,9,118.02652087059951,75.80065283311285
Checkout,91.65768843452462,1,64.42747294413195,69.8278245665008
Checkout,74.92618022359235,2,29.053708594710482,31.83213789504634
Checkout,28.73057648486146,4,30.697188401189116,27.296151936224806
Checkout,67.97530066699656,2,83.53784673542481,69.49380045644966
Checkout,36.17926178492071,1,22.38474530246743,74.03122143451637
Checkout,77.75677860535805,1,89.7979678570524,61.6195175035399
Checkout,57.261206040498855,4,51.49750412769006,44.29756234289909
Checkout,46.637464354303134,4,81.71284509895555,34.77483365310674
Checkout,63.03911246766734,8,22.862946241591626,67.59988665516684
Checkout,39.11006183577976,8,44.726650406912135,40.42421491306463
Checkout,71.87775634065095,1,59.39313316499539,63.387069678358785
Checkout,94.79038579807259,6,18.293063944998195,49.06973691544134
Checkout,50.71674810467386,6,10.136248893604677,38.75064989736997
Checkout,43.87072365076144,0,87.25294006893063,61.49821240691431
Checkout,94.76831669733295,7,73.17335653302055,51.09777889406233
Checkout,59.71489129581541,6,27.542144210058684,27.39516292515915
Checkout,36.650790070574075,6,86.19877632117623,49.89363561489331
Checkout,22.901769087517874,7,14.188431109467755,27.158334002064045
Checkout,39.12945893521062,5,63.9267064979172,14.451162972605058
Checkout,87.11992839993658,3,21.823637812936838,30.705057974546385
Checkout,21.190581634538585,1,44.82154064490197,15.98747515096234
Checkout,42.224768831889236,2,65.8814557860236,60.74861721991846
Checkout,79.2173234863223,3,89.95407712817634,11.929776858509195
Checkout,61.60597278739442,7,25.97708080048906,65.69180988404159
Checkout,94.80937466296987,7,16.37842453581019,56.48506573786989
Checkout,65.87354995531989,6,12.882766896595658,39.140041262618325
Checkout,31.703644829884926,5,42.84827248290514,63.98407203256435
Checkout,88.73489796744046,4,108.60283394706212,19.90537106301856
Checkout,58.074515590711236,9,91.37118598955638,78.79617777935132
Checkout,20.524308904938056,6,13.676742580161315,69.655720605471
Checkout,51.00225469579585,8,113.76599627329593,47.616543153959526
Checkout,20.519007168862007,1,76.88587423455944,77.32540526678527
Checkout,82.54619419597354,4,7.66655118245326,44.92799498093043
Checkout,78.18720137860521,3,112.17094538746304,42.12891548542682
Checkout,38.31197421729664,9,16.793034481334356,28.539668012773625
Checkout,29.827137935922423,5,53.64694953046351,57.156049792765074
Checkout,52.52897204151155,5,83.86052921800561,74.86545856451987
Checkout,78.80991939563324,0,85.09008670313003,70.66945711326312
Checkout,38.0908129622847,7,82.08517634843652,53.45617652412069
Checkout,53.54392598897092,3,97.57368428225404,46.21899321718287
Checkout,71.39080597538518,2,76.15488624002776,75.39361093359877
Checkout,32.346192052957846,2,40.09729096059455,65.7579446220752
Checkout,53.67719341894528,6,26.601135662725614,75.43563040423697
Checkout,65.80118961536606,4,56.0048212049362,51.835034266436836
Checkout,22.407088414469477,2,69.86651743453564,11.174439998588149
Checkout,79.21168826177302,8,22.319031444173167,75.91237358341962
Checkout,66.5724820825369,0,68.85714965581727,47.141590206018854
Checkout,25.168227170238662,8,50.7050563245137,36.87674170183955
Checkout,69.33471987693119,5,99.71437181977016,17.28873337061757
Checkout,55.019554118024345,3,81.37653208275722,16.88265669643747
Checkout,92.88815686075925,0,77.0247682267747,67.3340218968545
Checkout,86.56850364421759,7,59.21443259269956,14.78537499110369
Checkout,63.532239771406886,4,16.905780907468873,22.85506949078782
Checkout,45.927702863804484,4,24.981905066429686,17.676495504495882
Checkout,58.69542548492632,6,21.781832653118304,54.03328955109353
Checkout,53.78504957785683,5,26.415485088028262,32.09466890404576
Checkout,22.78313836537225,3,118.67602167889171,54.38327372284742
Checkout,47.08073379078397,2,19.6703829297746,40.49283004755567
Checkout,65.70613277435743,1,79.91442840254192,16.595966225860735
Checkout,72.14792582017223,3,60.89714429713928,51.989404324705674
Checkout,90.09267100328415,5,64.20352837092678,70.75460360095798
Checkout,94.76260714708687,5,75.43754345364796,15.526837885209773
Checkout,74.50543487972206,6,106.56634155057621,59.5705073231375
Checkout,38.085276328250295,7,39.008249069442584,63.21898703819836
Checkout,38.02804655235997,2,38.92418890315766,10.62960049722018
Checkout,67.50184339798216,2,119.33686808361499,49.7185554712464
Checkout,33.03511167089227,6,32.131155042675445,66.64772593554585
Checkout,46.51649576543302,3,58.562966179559375,60.75942386071771
Checkout,84.35406342547591,4,43.79154999111252,64.96267145062939
Checkout,50.77142829898693,4,45.038105616569915,29.071375342419074
Checkout,36.958597267671465,4,54.18544419495265,60.650474814880454
Checkout,82.20950704859163,6,75.71860159065902,15.812264465879768
Checkout,28.65925940884093,4,100.12004793636238,23.09330154072846
Checkout,47.049584313738954,9,12.640787659058535,71.31911321951873
Checkout,90.43018940758013,1,71.64680422365639,32.16867908240274
Checkout,73.18799398696922,7,51.92117662221672,32.66729741907925
Checkout,63.91938689153407,7,106.06500594534775,37.81491678742401
Checkout,38.45411315231978,7,77.89664162525533,25.07088081250123
Checkout,45.20970665210653,1,27.654201421478163,77.29273026813517
Checkout,38.355795544912255,8,44.998109702380425,30.57850415306478
Checkout,55.64411769560215,9,104.44344049456876,27.48762491602818
Checkout,26.334812363965582,8,41.88097073681047,77.32832164039237
Checkout,64.229661909941,7,17.251719764962772,67.01758726038146
Checkout,66.76621620632268,1,83.15404505988461,15.852942832206843
Checkout,63.8971730286695,6,73.62306327724667,60.19251451106788
Checkout,93.34188934328445,4,101.6780977827768,40.6792207782756
Checkout,37.88091888461888,6,88.91958249061544,67.41008475663091
Checkout,87.77974821602282,2,49.054995008169435,76.8132593165934
Checkout,25.401621527432916,2,11.732263524258963,38.086042668642406
Checkout,81.49076838695586,1,113.16651070313026,12.144498454430028
Checkout,76.38064096294573,3,14.614262317807613,69.2131167205979
Checkout,84.80528773591017,0,18.038781604805266,24.853807886148203
Checkout,66.60163662444158,5,37.34702175840774,46.120370452165375
Checkout,75.12603563455983,5,18.986237752058962,62.115492565340375
Checkout,59.01568054672361,8,65.56588000281283,30.16308068493954
Checkout,79.30826064294342,1,103.29281568721822,24.408750089669333
Checkout,78.04940529253591,5,89.26761405889353,18.754986761539836
Checkout,40.77351949812006,3,48.68328230768199,63.44114269032451
Checkout,73.52810767057431,7,119.69828054847446,58.000547438487644
Checkout,62.923090359176065,1,36.2749222944677,20.249857915423
Checkout,50.773666360541725,8,40.683743217979014,34.040196725282485
Checkout,47.69408556126059,6,15.316060859826301,72.30582186827306
Checkout,92.42268715310858,0,86.03357923568277,68.93570414497401
Checkout,60.48826419070267,5,100.26578374232538,41.687899052044834
Checkout,84.176552594064,9,111.93188676787621,62.07181776597514
Checkout,38.0976231691223,7,39.05646390616336,19.53612714865021
Checkout,56.41023655892857,7,109.13805238445033,49.7021170129641
Checkout,36.274830954523765,3,31.53005419659508,38.210629995234385
Checkout,85.33869465650024,1,66.26731635399955,71.09588085293149
Checkout,29.150740538807035,7,6.425018357834457,72.0284008024215
Checkout,46.52544307962252,5,50.97559096735857,63.542267002780065
Checkout,57.459660062968545,5,78.72263068778061,75.0107479952527
Checkout,83.18590962926743,0,74.84050543594667,53.093057657215205
Checkout,79.1914693570696,4,15.813536035436075,29.746941331015528
Checkout,67.45144755743806,5,46.2624462654197,38.843445812257016
Checkout,82.64279876180382,7,95.36363276893371,54.89232161142318
Checkout,23.49745720503442,8,108.65153149381219,25.701973651404955
Checkout,22.364163898033468,4,66.45367876447483,44.87566181877587
Checkout,46.03808797522167,7,105.78351945778225,47.84057274995705
Checkout,38.316900019953366,7,100.26243583147273,65.40717498155388
Checkout,74.12641994807734,0,19.064996373778243,25.178395238509342
Checkout,84.86253609323637,6,78.86825136415285,57.707081178718845
Checkout,35.84018685117871,8,79.59855016398686,59.74601639467996
Checkout,68.28974262578227,7,37.98274026318812,27.509387303592963
Checkout,20.35745978611523,1,6.377549289068899,34.522531047435564
Checkout,26.880803815998295,3,111.2587824258518,28.477092777292906
Checkout,47.50405175961859,2,34.05753437512134,19.385819953863287
Checkout,34.48042053475485,2,43.73533538125131,28.01581109147634
Checkout,74.4564877678153,4,50.44699309594382,72.94555063823091
Checkout,39.55078451258649,9,12.689886376775737,43.625767473005304
Checkout,28.954308294928126,1,71.05083308494596,25.524285684662345
Checkout,50.25177288034063,5,50.42886771182656,27.36421886590751
Checkout,22.90025330141076,5,66.18083667868274,40.02678785627809
Checkout,72.7190748546476,3,63.34680747082481,43.6607221045358
Checkout,45.52148503237977,0,113.61318836371218,37.54295209143743
Checkout,73.10317527541413,4,87.26490744805953,65.36423201946903
Checkout,90.25761000290768,9,113.7391551903277,57.10792827509255
Checkout,24.046060762708418,6,36.23873003558002,61.85276609043755
Checkout,78.38576218371776,4,119.7114835007603,56.10540880048618
Checkout,89.1663201735839,4,89.98964456232237,42.408156560199856
Checkout,64.8158280895415,3,64.70491184762147,39.91177292512407
Checkout,93.54054865105202,0,81.68423885402258,43.57390660521958
Checkout,55.56125543497521,9,89.83788465934177,21.039535129836594
Checkout,40.37384896618954,4,30.064808285913532,74.79714457504382
Checkout,37.422816354370866,1,88.78239884612358,52.77064739179324
Checkout,26.088627904376967,9,47.01485119658615,13.314070518460797
Checkout,27.815482815338846,5,88.5091382654034,61.160257613119896
Checkout,36.61255857568905,9,99.2451590410327,23.54009715856489
Checkout,26.065445288562522,7,89.42864173418384,19.17820651068169
Checkout,37.12137965895526,6,78.66368661406553,44.100175394656624
Checkout,20.34574519798761,4,53.5439790607709,33.9188838343156
Checkout,27.061006421241768,2,26.6082147936062,49.573497813015166
Checkout,23.795006367850846,9,20.963918457981904,15.532287301303844
Checkout,64.16520426554085,1,73.31812525044477,62.89628763425606
Checkout,42.30509694882279,3,57.70053047563295,60.4899884018478
Checkout,52.50134051979795,7,11.669128135544808,76.30594610226927
Checkout,91.38360077737751,4,116.22839742185225,56.312804755587464
Checkout,87.87464194792436,2,60.57215796819247,73.60631688915353
Checkout,44.19590460810632,1,21.347758145361478,24.79211712767915
Checkout,65.40624382638117,6,13.480578991233477,71.56651148102611
Checkout,38.89551593068351,4,20.617817140457113,56.13803193298331
Checkout,93.3358616853646,9,20.285626971155587,43.13381554666577
Checkout,54.64505546448931,2,39.06420057700426,49.24567210486842
Checkout,75.76248982130724,2,63.775373132988136,14.077041694002988
Checkout,62.25416979476235,9,69.48656886963518,48.03141485966581
